request_id,account_id,product_sku,requested_discount_pct,list_value_usd,discount_value_usd,net_value_usd,requested_by,request_date,justification,status,approved_by,approved_on
DR-7001,CRM-3014,NS-820-SER,22.0,113000,24860,88140,stephanie.wells@northstar.example,2025-01-02,Competitive,Approved,michael.torres@northstar.example,2025-01-02
DR-7002,CRM-3057,NS-780-SER,22.0,198000,43560,154440,zachary.brown@northstar.example,2025-01-02,Competitive,Approved,michael.torres@northstar.example,2025-01-02
DR-7003,CRM-3096,NS-690-SER,18.0,22000,3960,18040,charles.lopez@northstar.example,2025-01-02,Competitive,Approved,michael.torres@northstar.example,2025-01-02
DR-7004,CRM-3154,NS-740-SER,15.0,171000,25650,145350,charles.lopez@northstar.example,2025-01-02,Competitive,Approved,charles.lopez@northstar.example,2025-01-02
DR-7005,CRM-3110,NS-390-SOF,18.0,96000,17280,78720,michelle.taylor@northstar.example,2025-01-02,Competitive,Approved,michael.torres@northstar.example,2025-01-02
DR-7006,CRM-3072,NS-690-SER,5.0,22000,1100,20900,stephanie.wells@northstar.example,2025-01-03,Competitive,Approved,stephanie.wells@northstar.example,2025-01-03
DR-7007,CRM-3114,NS-460-SOF,10.0,191000,19100,171900,charles.lopez@northstar.example,2025-01-04,Competitive,Approved,charles.lopez@northstar.example,2025-01-04
DR-7008,CRM-3070,NS-130-SER,15.0,241000,36150,204850,stephanie.wells@northstar.example,2025-01-06,Competitive,Approved,stephanie.wells@northstar.example,2025-01-06
DR-7009,CRM-3140,NS-240-EQU,5.0,88000,4400,83600,rachel.mendez@northstar.example,2025-01-07,Competitive,Approved,rachel.mendez@northstar.example,2025-01-07
DR-7010,CRM-3091,NS-750-SOF,22.0,77000,16940,60060,stephanie.wells@northstar.example,2025-01-07,Competitive,Approved,michael.torres@northstar.example,2025-01-07
DR-7011,CRM-3079,NS-250-SOF,8.0,308000,24640,283360,stephanie.wells@northstar.example,2025-01-09,Competitive,Approved,stephanie.wells@northstar.example,2025-01-09
DR-7012,CRM-3126,NS-760-EQU,10.0,208000,20800,187200,kelly.floyd@northstar.example,2025-01-09,Competitive,Approved,kelly.floyd@northstar.example,2025-01-09
DR-7013,CRM-3112,NS-400-EQU,22.0,338000,74360,263640,stephanie.wells@northstar.example,2025-01-09,Competitive,Approved,michael.torres@northstar.example,2025-01-09
DR-7014,CRM-3081,NS-750-SOF,8.0,77000,6160,70840,rachel.mendez@northstar.example,2025-01-09,Competitive,Approved,rachel.mendez@northstar.example,2025-01-09
DR-7015,CRM-3020,NS-730-SOF,10.0,233000,23300,209700,charles.lopez@northstar.example,2025-01-09,Competitive,Approved,charles.lopez@northstar.example,2025-01-09
DR-7016,CRM-3196,NS-480-EQU,5.0,235000,11750,223250,charles.lopez@northstar.example,2025-01-10,Competitive,Approved,charles.lopez@northstar.example,2025-01-10
DR-7017,CRM-3143,NS-610-SER,5.0,282000,14100,267900,kelly.floyd@northstar.example,2025-01-11,Competitive,Approved,kelly.floyd@northstar.example,2025-01-11
DR-7018,CRM-3090,NS-560-SOF,18.0,233000,41940,191060,charles.lopez@northstar.example,2025-01-12,Competitive,Approved,michael.torres@northstar.example,2025-01-12
DR-7019,CRM-3077,NS-170-SOF,12.0,42000,5040,36960,stephanie.wells@northstar.example,2025-01-13,Competitive,Approved,stephanie.wells@northstar.example,2025-01-13
DR-7020,CRM-3078,NS-710-SER,8.0,203000,16240,186760,michelle.taylor@northstar.example,2025-01-13,Competitive,Approved,michelle.taylor@northstar.example,2025-01-13
DR-7021,CRM-3175,NS-650-SOF,18.0,346000,62280,283720,charles.lopez@northstar.example,2025-01-13,Competitive,Approved,michael.torres@northstar.example,2025-01-13
DR-7022,CRM-3068,NS-740-EQU,10.0,276000,27600,248400,zachary.brown@northstar.example,2025-01-13,Competitive,Approved,zachary.brown@northstar.example,2025-01-13
DR-7023,CRM-3160,NS-230-SOF,22.0,171000,37620,133380,michelle.taylor@northstar.example,2025-01-14,Competitive,Approved,michael.torres@northstar.example,2025-01-14
DR-7024,CRM-3084,NS-840-EQU,18.0,339000,61020,277980,charles.lopez@northstar.example,2025-01-14,Competitive,Approved,michael.torres@northstar.example,2025-01-14
DR-7025,CRM-3153,NS-510-SOF,18.0,327000,58860,268140,anthony.day@northstar.example,2025-01-15,Competitive,Approved,michael.torres@northstar.example,2025-01-15
DR-7026,CRM-3101,NS-410-SOF,18.0,381000,68580,312420,kelly.floyd@northstar.example,2025-01-16,Competitive,Approved,michael.torres@northstar.example,2025-01-16
DR-7027,CRM-3096,NS-510-SOF,22.0,327000,71940,255060,charles.lopez@northstar.example,2025-01-16,Competitive,Approved,michael.torres@northstar.example,2025-01-16
DR-7028,CRM-2091,NS-740-EQU,22.0,276000,60720,215280,zachary.brown@northstar.example,2025-01-16,Competitive,Approved,michael.torres@northstar.example,2025-01-16
DR-7029,CRM-3192,NS-250-EQU,15.0,279000,41850,237150,rachel.mendez@northstar.example,2025-01-16,Competitive,Approved,rachel.mendez@northstar.example,2025-01-16
DR-7030,CRM-3106,NS-470-EQU,5.0,219000,10950,208050,anthony.day@northstar.example,2025-01-17,Competitive,Approved,anthony.day@northstar.example,2025-01-17
DR-7031,CRM-3158,NS-820-SER,12.0,113000,13560,99440,kelly.floyd@northstar.example,2025-01-17,Competitive,Approved,kelly.floyd@northstar.example,2025-01-17
DR-7032,CRM-3142,NS-330-SOF,12.0,38000,4560,33440,stephanie.wells@northstar.example,2025-01-18,Competitive,Approved,stephanie.wells@northstar.example,2025-01-18
DR-7033,CRM-3196,NS-160-SOF,5.0,369000,18450,350550,charles.lopez@northstar.example,2025-01-19,Competitive,Approved,charles.lopez@northstar.example,2025-01-19
DR-7034,CRM-3170,NS-140-EQU,8.0,121000,9680,111320,stephanie.wells@northstar.example,2025-01-19,Competitive,Approved,stephanie.wells@northstar.example,2025-01-19
DR-7035,CRM-3191,NS-730-EQU,15.0,69000,10350,58650,stephanie.wells@northstar.example,2025-01-19,Competitive,Approved,stephanie.wells@northstar.example,2025-01-19
DR-7036,CRM-3082,NS-970-EQU,5.0,24000,1200,22800,michelle.taylor@northstar.example,2025-01-19,Competitive,Approved,michelle.taylor@northstar.example,2025-01-19
DR-7037,CRM-3047,NS-330-SOF,12.0,38000,4560,33440,rachel.mendez@northstar.example,2025-01-20,Competitive,Approved,rachel.mendez@northstar.example,2025-01-20
DR-7038,CRM-3020,NS-580-EQU,10.0,47000,4700,42300,charles.lopez@northstar.example,2025-01-20,Competitive,Approved,charles.lopez@northstar.example,2025-01-20
DR-7039,CRM-3015,NS-170-EQU,5.0,337000,16850,320150,rachel.mendez@northstar.example,2025-01-21,Competitive,Approved,rachel.mendez@northstar.example,2025-01-21
DR-7040,CRM-3122,NS-160-SOF,15.0,369000,55350,313650,zachary.brown@northstar.example,2025-01-21,Competitive,Approved,zachary.brown@northstar.example,2025-01-21
DR-7041,CRM-3143,NS-860-EQU,8.0,17000,1360,15640,kelly.floyd@northstar.example,2025-01-21,Competitive,Approved,kelly.floyd@northstar.example,2025-01-21
DR-7042,CRM-3043,NS-160-SOF,15.0,288000,43200,244800,zachary.brown@northstar.example,2025-01-21,Competitive,Approved,zachary.brown@northstar.example,2025-01-21
DR-7043,CRM-3179,NS-170-SOF,12.0,352000,42240,309760,michelle.taylor@northstar.example,2025-01-22,Competitive,Approved,michelle.taylor@northstar.example,2025-01-22
DR-7044,CRM-3183,NS-490-SOF,12.0,190000,22800,167200,anthony.day@northstar.example,2025-01-22,Competitive,Approved,anthony.day@northstar.example,2025-01-22
DR-7045,CRM-3108,NS-420-SOF,15.0,12000,1800,10200,stephanie.wells@northstar.example,2025-01-22,Competitive,Approved,stephanie.wells@northstar.example,2025-01-22
DR-7046,CRM-3097,NS-170-SOF,12.0,352000,42240,309760,charles.lopez@northstar.example,2025-01-22,Competitive,Approved,charles.lopez@northstar.example,2025-01-22
DR-7047,CRM-3090,NS-260-SER,5.0,140000,7000,133000,charles.lopez@northstar.example,2025-01-26,Competitive,Approved,charles.lopez@northstar.example,2025-01-26
DR-7048,CRM-3137,NS-400-SOF,5.0,23000,1150,21850,stephanie.wells@northstar.example,2025-01-28,Competitive,Approved,stephanie.wells@northstar.example,2025-01-28
DR-7049,CRM-3129,NS-130-SER,18.0,241000,43380,197620,stephanie.wells@northstar.example,2025-01-28,Competitive,Approved,michael.torres@northstar.example,2025-01-28
DR-7050,CRM-3035,NS-350-SER,18.0,190000,34200,155800,stephanie.wells@northstar.example,2025-01-28,Competitive,Approved,michael.torres@northstar.example,2025-01-28
DR-7051,CRM-3011,NS-740-SER,5.0,171000,8550,162450,charles.lopez@northstar.example,2025-01-29,Competitive,Approved,charles.lopez@northstar.example,2025-01-29
DR-7052,CRM-3048,NS-540-EQU,22.0,211000,46420,164580,charles.lopez@northstar.example,2025-01-30,Competitive,Approved,michael.torres@northstar.example,2025-01-30
DR-7053,CRM-3056,NS-500-SOF,10.0,372000,37200,334800,michelle.taylor@northstar.example,2025-01-30,Competitive,Approved,michelle.taylor@northstar.example,2025-01-30
DR-7054,CRM-3174,NS-490-EQU,22.0,37000,8140,28860,zachary.brown@northstar.example,2025-01-31,Competitive,Approved,michael.torres@northstar.example,2025-01-31
DR-7055,CRM-3056,NS-540-EQU,18.0,211000,37980,173020,michelle.taylor@northstar.example,2025-01-31,Competitive,Approved,michael.torres@northstar.example,2025-01-31
DR-7056,CRM-3193,NS-330-SOF,10.0,38000,3800,34200,anthony.day@northstar.example,2025-02-01,Competitive,Approved,anthony.day@northstar.example,2025-02-01
DR-7057,CRM-3065,NS-190-SOF,18.0,182000,32760,149240,zachary.brown@northstar.example,2025-02-01,Competitive,Approved,michael.torres@northstar.example,2025-02-01
DR-7058,CRM-3078,NS-190-SER,10.0,228000,22800,205200,michelle.taylor@northstar.example,2025-02-01,Competitive,Approved,michelle.taylor@northstar.example,2025-02-01
DR-7059,CRM-3037,NS-400-EQU,5.0,338000,16900,321100,stephanie.wells@northstar.example,2025-02-02,Competitive,Approved,stephanie.wells@northstar.example,2025-02-02
DR-7060,CRM-3143,NS-930-EQU,5.0,83000,4150,78850,kelly.floyd@northstar.example,2025-02-03,Competitive,Approved,kelly.floyd@northstar.example,2025-02-03
DR-7061,CRM-3181,NS-710-SER,8.0,203000,16240,186760,stephanie.wells@northstar.example,2025-02-04,Competitive,Approved,stephanie.wells@northstar.example,2025-02-04
DR-7062,CRM-3076,NS-390-SOF,8.0,96000,7680,88320,zachary.brown@northstar.example,2025-02-05,Competitive,Approved,zachary.brown@northstar.example,2025-02-05
DR-7063,CRM-3066,NS-160-EQU,8.0,163000,13040,149960,anthony.day@northstar.example,2025-02-06,Competitive,Approved,anthony.day@northstar.example,2025-02-06
DR-7064,CRM-3176,NS-500-EQU,22.0,326000,71720,254280,kelly.floyd@northstar.example,2025-02-06,Competitive,Approved,michael.torres@northstar.example,2025-02-06
DR-7065,CRM-3074,NS-710-SER,5.0,203000,10150,192850,michelle.taylor@northstar.example,2025-02-06,Competitive,Approved,michelle.taylor@northstar.example,2025-02-06
DR-7066,CRM-3098,NS-190-SOF,8.0,182000,14560,167440,charles.lopez@northstar.example,2025-02-06,Competitive,Approved,charles.lopez@northstar.example,2025-02-06
DR-7067,CRM-3074,NS-650-SOF,18.0,346000,62280,283720,michelle.taylor@northstar.example,2025-02-09,Competitive,Approved,michael.torres@northstar.example,2025-02-09
DR-7068,CRM-3112,NS-610-SER,5.0,282000,14100,267900,stephanie.wells@northstar.example,2025-02-09,Competitive,Approved,stephanie.wells@northstar.example,2025-02-09
DR-7069,CRM-3120,NS-470-EQU,8.0,219000,17520,201480,rachel.mendez@northstar.example,2025-02-09,Competitive,Approved,rachel.mendez@northstar.example,2025-02-09
DR-7070,CRM-3113,NS-330-SOF,12.0,38000,4560,33440,kelly.floyd@northstar.example,2025-02-10,Competitive,Approved,kelly.floyd@northstar.example,2025-02-10
DR-7071,CRM-3066,NS-730-SOF,15.0,233000,34950,198050,anthony.day@northstar.example,2025-02-10,Competitive,Approved,anthony.day@northstar.example,2025-02-10
DR-7072,CRM-3182,NS-500-SOF,8.0,372000,29760,342240,rachel.mendez@northstar.example,2025-02-10,Competitive,Approved,rachel.mendez@northstar.example,2025-02-10
DR-7073,CRM-3008,NS-410-SOF,18.0,381000,68580,312420,charles.lopez@northstar.example,2025-02-10,Competitive,Approved,michael.torres@northstar.example,2025-02-10
DR-7074,CRM-3110,NS-580-EQU,10.0,47000,4700,42300,michelle.taylor@northstar.example,2025-02-12,Competitive,Approved,michelle.taylor@northstar.example,2025-02-12
DR-7075,CRM-3130,NS-760-EQU,8.0,208000,16640,191360,michelle.taylor@northstar.example,2025-02-12,Competitive,Approved,michelle.taylor@northstar.example,2025-02-12
DR-7076,CRM-3173,NS-840-EQU,18.0,339000,61020,277980,rachel.mendez@northstar.example,2025-02-13,Competitive,Approved,michael.torres@northstar.example,2025-02-13
DR-7077,CRM-3175,NS-EDGE,22.0,85000,18700,66300,charles.lopez@northstar.example,2025-02-13,Competitive,Approved,michael.torres@northstar.example,2025-02-13
DR-7078,CRM-3120,NS-EDGE,12.0,85000,10200,74800,rachel.mendez@northstar.example,2025-02-14,Competitive,Approved,rachel.mendez@northstar.example,2025-02-14
DR-7079,CRM-3100,NS-160-SOF,22.0,288000,63360,224640,charles.lopez@northstar.example,2025-02-14,Competitive,Approved,michael.torres@northstar.example,2025-02-14
DR-7080,CRM-3067,NS-670-SER,8.0,258000,20640,237360,stephanie.wells@northstar.example,2025-02-14,Competitive,Approved,stephanie.wells@northstar.example,2025-02-14
DR-7081,CRM-3192,NS-780-SER,22.0,198000,43560,154440,rachel.mendez@northstar.example,2025-02-14,Competitive,Approved,michael.torres@northstar.example,2025-02-14
DR-7082,CRM-3172,NS-780-SER,10.0,198000,19800,178200,zachary.brown@northstar.example,2025-02-15,Competitive,Approved,zachary.brown@northstar.example,2025-02-15
DR-7083,CRM-3137,NS-350-EQU,22.0,347000,76340,270660,stephanie.wells@northstar.example,2025-02-15,Competitive,Approved,michael.torres@northstar.example,2025-02-15
DR-7084,CRM-3058,NS-710-EQU,15.0,128000,19200,108800,anthony.day@northstar.example,2025-02-15,Competitive,Approved,anthony.day@northstar.example,2025-02-15
DR-7085,CRM-3052,NS-400-EQU,8.0,338000,27040,310960,rachel.mendez@northstar.example,2025-02-16,Competitive,Approved,rachel.mendez@northstar.example,2025-02-16
DR-7086,CRM-3039,NS-500,12.0,250000,30000,220000,zachary.brown@northstar.example,2025-02-16,Competitive,Approved,zachary.brown@northstar.example,2025-02-16
DR-7087,CRM-3133,NS-710-SER,22.0,203000,44660,158340,zachary.brown@northstar.example,2025-02-18,Competitive,Approved,michael.torres@northstar.example,2025-02-18
DR-7088,CRM-3035,NS-410-SOF,22.0,381000,83820,297180,stephanie.wells@northstar.example,2025-02-20,Competitive,Approved,michael.torres@northstar.example,2025-02-20
DR-7089,CRM-3104,NS-250-SOF,8.0,308000,24640,283360,stephanie.wells@northstar.example,2025-02-20,Competitive,Approved,stephanie.wells@northstar.example,2025-02-20
DR-7090,CRM-3099,NS-690-SER,22.0,22000,4840,17160,kelly.floyd@northstar.example,2025-02-20,Competitive,Approved,michael.torres@northstar.example,2025-02-20
DR-7091,CRM-2063,NS-690-SER,12.0,22000,2640,19360,anthony.day@northstar.example,2025-02-20,Competitive,Approved,anthony.day@northstar.example,2025-02-20
DR-7092,CRM-3117,NS-220-SOF,8.0,107000,8560,98440,anthony.day@northstar.example,2025-02-21,Competitive,Approved,anthony.day@northstar.example,2025-02-21
DR-7093,CRM-3103,NS-380-EQU,15.0,400000,60000,340000,stephanie.wells@northstar.example,2025-02-22,Competitive,Approved,stephanie.wells@northstar.example,2025-02-22
DR-7094,CRM-3194,NS-620-SER,15.0,33000,4950,28050,stephanie.wells@northstar.example,2025-02-23,Competitive,Approved,stephanie.wells@northstar.example,2025-02-23
DR-7095,CRM-3102,NS-330-SOF,8.0,38000,3040,34960,charles.lopez@northstar.example,2025-02-24,Competitive,Approved,charles.lopez@northstar.example,2025-02-24
DR-7096,CRM-3181,NS-260-SER,15.0,140000,21000,119000,stephanie.wells@northstar.example,2025-02-24,Competitive,Approved,stephanie.wells@northstar.example,2025-02-24
DR-7097,CRM-3151,NS-650-SOF,5.0,346000,17300,328700,michelle.taylor@northstar.example,2025-02-24,Competitive,Approved,michelle.taylor@northstar.example,2025-02-24
DR-7098,CRM-3142,NS-710-SER,8.0,203000,16240,186760,stephanie.wells@northstar.example,2025-02-24,Competitive,Approved,stephanie.wells@northstar.example,2025-02-24
DR-7099,CRM-3038,NS-500-EQU,10.0,326000,32600,293400,rachel.mendez@northstar.example,2025-02-25,Competitive,Approved,rachel.mendez@northstar.example,2025-02-25
DR-7100,CRM-3020,NS-650-SOF,8.0,346000,27680,318320,charles.lopez@northstar.example,2025-02-26,Competitive,Approved,charles.lopez@northstar.example,2025-02-26
DR-7101,CRM-3032,NS-350-SER,18.0,190000,34200,155800,anthony.day@northstar.example,2025-02-26,Competitive,Approved,michael.torres@northstar.example,2025-02-26
DR-7102,CRM-3037,NS-970-EQU,8.0,24000,1920,22080,stephanie.wells@northstar.example,2025-02-27,Competitive,Approved,stephanie.wells@northstar.example,2025-02-27
DR-7103,CRM-3038,NS-830-EQU,5.0,203000,10150,192850,rachel.mendez@northstar.example,2025-02-28,Competitive,Approved,rachel.mendez@northstar.example,2025-02-28
DR-7104,CRM-3024,NS-170-EQU,22.0,25000,5500,19500,rachel.mendez@northstar.example,2025-03-01,Competitive,Approved,michael.torres@northstar.example,2025-03-01
DR-7105,CRM-3166,NS-930-EQU,18.0,83000,14940,68060,kelly.floyd@northstar.example,2025-03-02,Competitive,Approved,michael.torres@northstar.example,2025-03-02
DR-7106,CRM-3047,NS-610-SER,22.0,282000,62040,219960,rachel.mendez@northstar.example,2025-03-02,Competitive,Approved,michael.torres@northstar.example,2025-03-02
DR-7107,CRM-3020,NS-580-EQU,18.0,47000,8460,38540,charles.lopez@northstar.example,2025-03-02,Competitive,Approved,michael.torres@northstar.example,2025-03-02
DR-7108,CRM-3063,NS-650-SOF,10.0,346000,34600,311400,kelly.floyd@northstar.example,2025-03-04,Competitive,Approved,kelly.floyd@northstar.example,2025-03-04
DR-7109,CRM-3176,NS-420-SOF,15.0,12000,1800,10200,kelly.floyd@northstar.example,2025-03-04,Competitive,Approved,kelly.floyd@northstar.example,2025-03-04
DR-7110,CRM-3083,NS-620-SER,15.0,33000,4950,28050,kelly.floyd@northstar.example,2025-03-04,Competitive,Approved,kelly.floyd@northstar.example,2025-03-04
DR-7111,CRM-3193,NS-640-SER,15.0,348000,52200,295800,anthony.day@northstar.example,2025-03-05,Competitive,Approved,anthony.day@northstar.example,2025-03-05
DR-7112,CRM-3116,NS-230-SOF,18.0,171000,30780,140220,charles.lopez@northstar.example,2025-03-06,Competitive,Approved,michael.torres@northstar.example,2025-03-06
DR-7113,CRM-3037,NS-740-SER,18.0,171000,30780,140220,stephanie.wells@northstar.example,2025-03-06,Competitive,Approved,michael.torres@northstar.example,2025-03-06
DR-7114,CRM-3186,NS-540-EQU,18.0,211000,37980,173020,kelly.floyd@northstar.example,2025-03-06,Competitive,Approved,michael.torres@northstar.example,2025-03-06
DR-7115,CRM-3085,NS-670-SER,18.0,258000,46440,211560,michelle.taylor@northstar.example,2025-03-07,Competitive,Approved,michael.torres@northstar.example,2025-03-07
DR-7116,CRM-3143,NS-350-EQU,12.0,347000,41640,305360,kelly.floyd@northstar.example,2025-03-07,Competitive,Approved,kelly.floyd@northstar.example,2025-03-07
DR-7117,CRM-3199,NS-390-SOF,5.0,96000,4800,91200,michelle.taylor@northstar.example,2025-03-08,Competitive,Approved,michelle.taylor@northstar.example,2025-03-08
DR-7118,CRM-3115,NS-780-SER,10.0,198000,19800,178200,zachary.brown@northstar.example,2025-03-08,Competitive,Approved,zachary.brown@northstar.example,2025-03-08
DR-7119,CRM-3171,NS-170-SOF,12.0,352000,42240,309760,anthony.day@northstar.example,2025-03-08,Competitive,Approved,anthony.day@northstar.example,2025-03-08
DR-7120,CRM-3124,NS-CLOUD,5.0,120000,6000,114000,rachel.mendez@northstar.example,2025-03-09,Competitive,Approved,rachel.mendez@northstar.example,2025-03-09
DR-7121,CRM-3117,NS-170-EQU,8.0,25000,2000,23000,anthony.day@northstar.example,2025-03-09,Competitive,Approved,anthony.day@northstar.example,2025-03-09
DR-7122,CRM-3074,NS-640-SER,8.0,348000,27840,320160,michelle.taylor@northstar.example,2025-03-10,Competitive,Approved,michelle.taylor@northstar.example,2025-03-10
DR-7123,CRM-3013,NS-830-EQU,18.0,203000,36540,166460,michelle.taylor@northstar.example,2025-03-10,Competitive,Approved,michael.torres@northstar.example,2025-03-10
DR-7124,CRM-3128,NS-490-SOF,18.0,190000,34200,155800,zachary.brown@northstar.example,2025-03-11,Competitive,Approved,michael.torres@northstar.example,2025-03-11
DR-7125,CRM-3066,NS-330-SOF,18.0,38000,6840,31160,anthony.day@northstar.example,2025-03-11,Competitive,Approved,michael.torres@northstar.example,2025-03-11
DR-7126,CRM-3112,NS-620-SER,10.0,33000,3300,29700,stephanie.wells@northstar.example,2025-03-11,Competitive,Approved,stephanie.wells@northstar.example,2025-03-11
DR-7127,CRM-3071,NS-930-SOF,18.0,175000,31500,143500,zachary.brown@northstar.example,2025-03-12,Competitive,Approved,michael.torres@northstar.example,2025-03-12
DR-7128,CRM-3063,NS-840-SER,22.0,93000,20460,72540,kelly.floyd@northstar.example,2025-03-12,Competitive,Approved,michael.torres@northstar.example,2025-03-12
DR-7129,CRM-3183,NS-CLOUD,22.0,120000,26400,93600,anthony.day@northstar.example,2025-03-12,Competitive,Approved,michael.torres@northstar.example,2025-03-12
DR-7130,CRM-3001,NS-130-EQU,5.0,121000,6050,114950,kelly.floyd@northstar.example,2025-03-13,Competitive,Approved,kelly.floyd@northstar.example,2025-03-13
DR-7131,CRM-3121,NS-540-EQU,8.0,211000,16880,194120,kelly.floyd@northstar.example,2025-03-14,Competitive,Approved,kelly.floyd@northstar.example,2025-03-14
DR-7132,CRM-3110,NS-690-SER,18.0,22000,3960,18040,michelle.taylor@northstar.example,2025-03-14,Competitive,Approved,michael.torres@northstar.example,2025-03-14
DR-7133,CRM-3137,NS-140-EQU,5.0,121000,6050,114950,stephanie.wells@northstar.example,2025-03-14,Competitive,Approved,stephanie.wells@northstar.example,2025-03-14
DR-7134,CRM-3141,NS-560-SOF,15.0,56000,8400,47600,anthony.day@northstar.example,2025-03-14,Competitive,Approved,anthony.day@northstar.example,2025-03-14
DR-7135,CRM-3032,NS-400-EQU,22.0,338000,74360,263640,anthony.day@northstar.example,2025-03-15,Competitive,Approved,michael.torres@northstar.example,2025-03-15
DR-7136,CRM-3011,NS-220-SOF,8.0,5000,400,4600,charles.lopez@northstar.example,2025-03-16,Competitive,Approved,charles.lopez@northstar.example,2025-03-16
DR-7137,CRM-3030,NS-400-EQU,5.0,9000,450,8550,kelly.floyd@northstar.example,2025-03-18,Competitive,Approved,kelly.floyd@northstar.example,2025-03-18
DR-7138,CRM-3162,NS-610-SER,15.0,282000,42300,239700,rachel.mendez@northstar.example,2025-03-19,Competitive,Approved,rachel.mendez@northstar.example,2025-03-19
DR-7139,CRM-3153,NS-780-SER,15.0,198000,29700,168300,anthony.day@northstar.example,2025-03-20,Competitive,Approved,anthony.day@northstar.example,2025-03-20
DR-7140,CRM-3121,NS-470-EQU,12.0,219000,26280,192720,kelly.floyd@northstar.example,2025-03-22,Competitive,Approved,kelly.floyd@northstar.example,2025-03-22
DR-7141,CRM-3088,NS-640-SER,15.0,348000,52200,295800,anthony.day@northstar.example,2025-03-22,Competitive,Approved,anthony.day@northstar.example,2025-03-22
DR-7142,CRM-3101,NS-760-SER,5.0,38000,1900,36100,kelly.floyd@northstar.example,2025-03-23,Competitive,Approved,kelly.floyd@northstar.example,2025-03-23
DR-7143,CRM-3124,NS-760-SOF,12.0,128000,15360,112640,rachel.mendez@northstar.example,2025-03-24,Competitive,Approved,rachel.mendez@northstar.example,2025-03-24
DR-7144,CRM-3140,NS-130-SER,22.0,241000,53020,187980,rachel.mendez@northstar.example,2025-03-24,Competitive,Approved,michael.torres@northstar.example,2025-03-24
DR-7145,CRM-3155,NS-170-EQU,5.0,25000,1250,23750,rachel.mendez@northstar.example,2025-03-25,Competitive,Approved,rachel.mendez@northstar.example,2025-03-25
DR-7146,CRM-3042,NS-820-SER,10.0,113000,11300,101700,kelly.floyd@northstar.example,2025-03-25,Competitive,Approved,kelly.floyd@northstar.example,2025-03-25
DR-7147,CRM-3200,NS-170-EQU,18.0,337000,60660,276340,rachel.mendez@northstar.example,2025-03-25,Competitive,Approved,michael.torres@northstar.example,2025-03-25
DR-7148,CRM-3025,NS-760-EQU,18.0,208000,37440,170560,charles.lopez@northstar.example,2025-03-25,Competitive,Approved,michael.torres@northstar.example,2025-03-25
DR-7149,CRM-3126,NS-370-SOF,10.0,169000,16900,152100,kelly.floyd@northstar.example,2025-03-26,Competitive,Approved,kelly.floyd@northstar.example,2025-03-26
DR-7150,CRM-3031,NS-380-EQU,15.0,400000,60000,340000,charles.lopez@northstar.example,2025-03-26,Competitive,Approved,charles.lopez@northstar.example,2025-03-26
DR-7151,CRM-3152,NS-830-EQU,10.0,203000,20300,182700,charles.lopez@northstar.example,2025-03-28,Competitive,Approved,charles.lopez@northstar.example,2025-03-28
DR-7152,CRM-3097,NS-140-EQU,22.0,121000,26620,94380,charles.lopez@northstar.example,2025-03-29,Competitive,Approved,michael.torres@northstar.example,2025-03-29
DR-7153,CRM-3069,NS-130-EQU,10.0,121000,12100,108900,zachary.brown@northstar.example,2025-03-29,Competitive,Approved,zachary.brown@northstar.example,2025-03-29
DR-7154,CRM-2051,NS-760-SER,5.0,38000,1900,36100,kelly.floyd@northstar.example,2025-03-29,Competitive,Approved,kelly.floyd@northstar.example,2025-03-29
DR-7155,CRM-3104,NS-710-SOF,5.0,62000,3100,58900,stephanie.wells@northstar.example,2025-03-30,Competitive,Approved,stephanie.wells@northstar.example,2025-03-30
DR-7156,CRM-2063,NS-380-SOF,15.0,347000,52050,294950,anthony.day@northstar.example,2025-04-01,Competitive,Approved,anthony.day@northstar.example,2025-04-01
DR-7157,CRM-3076,NS-130-EQU,22.0,121000,26620,94380,zachary.brown@northstar.example,2025-04-03,Competitive,Approved,michael.torres@northstar.example,2025-04-03
DR-7158,CRM-3023,NS-390-SOF,8.0,96000,7680,88320,rachel.mendez@northstar.example,2025-04-04,Competitive,Approved,rachel.mendez@northstar.example,2025-04-04
DR-7159,CRM-3181,NS-400-EQU,18.0,9000,1620,7380,stephanie.wells@northstar.example,2025-04-04,Competitive,Approved,michael.torres@northstar.example,2025-04-04
DR-7160,CRM-3012,NS-560-SOF,22.0,233000,51260,181740,zachary.brown@northstar.example,2025-04-04,Competitive,Approved,michael.torres@northstar.example,2025-04-04
DR-7161,CRM-3054,NS-170-SOF,8.0,352000,28160,323840,zachary.brown@northstar.example,2025-04-04,Competitive,Approved,zachary.brown@northstar.example,2025-04-04
DR-7162,CRM-3199,NS-490-EQU,8.0,37000,2960,34040,michelle.taylor@northstar.example,2025-04-06,Competitive,Approved,michelle.taylor@northstar.example,2025-04-06
DR-7163,CRM-3114,NS-710-SOF,12.0,62000,7440,54560,charles.lopez@northstar.example,2025-04-06,Competitive,Approved,charles.lopez@northstar.example,2025-04-06
DR-7164,CRM-3090,NS-760-SOF,12.0,128000,15360,112640,charles.lopez@northstar.example,2025-04-07,Competitive,Approved,charles.lopez@northstar.example,2025-04-07
DR-7165,CRM-3143,NS-670-SER,22.0,258000,56760,201240,kelly.floyd@northstar.example,2025-04-07,Competitive,Approved,michael.torres@northstar.example,2025-04-07
DR-7166,CRM-3150,NS-890-EQU,5.0,236000,11800,224200,charles.lopez@northstar.example,2025-04-07,Competitive,Approved,charles.lopez@northstar.example,2025-04-07
DR-7167,CRM-3182,NS-650-SOF,5.0,346000,17300,328700,rachel.mendez@northstar.example,2025-04-08,Competitive,Approved,rachel.mendez@northstar.example,2025-04-08
DR-7168,CRM-3073,NS-330-SOF,12.0,38000,4560,33440,rachel.mendez@northstar.example,2025-04-09,Competitive,Approved,rachel.mendez@northstar.example,2025-04-09
DR-7169,CRM-3156,NS-380-EQU,5.0,400000,20000,380000,kelly.floyd@northstar.example,2025-04-09,Competitive,Approved,kelly.floyd@northstar.example,2025-04-09
DR-7170,CRM-3071,NS-370-SOF,12.0,169000,20280,148720,zachary.brown@northstar.example,2025-04-09,Competitive,Approved,zachary.brown@northstar.example,2025-04-09
DR-7171,CRM-3156,NS-250-SOF,22.0,308000,67760,240240,kelly.floyd@northstar.example,2025-04-10,Competitive,Approved,michael.torres@northstar.example,2025-04-10
DR-7172,CRM-3018,NS-880-SER,22.0,320000,70400,249600,kelly.floyd@northstar.example,2025-04-10,Competitive,Approved,michael.torres@northstar.example,2025-04-10
DR-7173,CRM-3187,NS-710-SER,12.0,203000,24360,178640,michelle.taylor@northstar.example,2025-04-11,Competitive,Approved,michelle.taylor@northstar.example,2025-04-11
DR-7174,CRM-3046,NS-670-SER,15.0,258000,38700,219300,rachel.mendez@northstar.example,2025-04-11,Competitive,Approved,rachel.mendez@northstar.example,2025-04-11
DR-7175,CRM-3052,NS-EDGE,5.0,85000,4250,80750,rachel.mendez@northstar.example,2025-04-12,Competitive,Approved,rachel.mendez@northstar.example,2025-04-12
DR-7176,CRM-3118,NS-CLOUD,5.0,120000,6000,114000,kelly.floyd@northstar.example,2025-04-12,Competitive,Approved,kelly.floyd@northstar.example,2025-04-12
DR-7177,CRM-3050,NS-690-SER,8.0,22000,1760,20240,anthony.day@northstar.example,2025-04-14,Competitive,Approved,anthony.day@northstar.example,2025-04-14
DR-7178,CRM-3011,NS-830-EQU,10.0,203000,20300,182700,charles.lopez@northstar.example,2025-04-15,Competitive,Approved,charles.lopez@northstar.example,2025-04-15
DR-7179,CRM-3166,NS-540-EQU,12.0,211000,25320,185680,kelly.floyd@northstar.example,2025-04-15,Competitive,Approved,kelly.floyd@northstar.example,2025-04-15
DR-7180,CRM-3073,NS-730-SOF,22.0,233000,51260,181740,rachel.mendez@northstar.example,2025-04-16,Competitive,Approved,michael.torres@northstar.example,2025-04-16
DR-7181,CRM-3010,NS-390-SOF,18.0,96000,17280,78720,anthony.day@northstar.example,2025-04-17,Competitive,Approved,michael.torres@northstar.example,2025-04-17
DR-7182,CRM-3176,NS-480-EQU,8.0,235000,18800,216200,kelly.floyd@northstar.example,2025-04-18,Competitive,Approved,kelly.floyd@northstar.example,2025-04-18
DR-7183,CRM-3120,NS-130-SER,18.0,241000,43380,197620,rachel.mendez@northstar.example,2025-04-19,Competitive,Approved,michael.torres@northstar.example,2025-04-19
DR-7184,CRM-3031,NS-760-EQU,18.0,208000,37440,170560,charles.lopez@northstar.example,2025-04-20,Competitive,Approved,michael.torres@northstar.example,2025-04-20
DR-7185,CRM-3100,NS-320-SOF,8.0,179000,14320,164680,charles.lopez@northstar.example,2025-04-20,Competitive,Approved,charles.lopez@northstar.example,2025-04-20
DR-7186,CRM-3200,NS-800-EQU,18.0,136000,24480,111520,rachel.mendez@northstar.example,2025-04-21,Competitive,Approved,michael.torres@northstar.example,2025-04-21
DR-7187,CRM-3133,NS-750-SOF,22.0,77000,16940,60060,zachary.brown@northstar.example,2025-04-21,Competitive,Approved,michael.torres@northstar.example,2025-04-21
DR-7188,CRM-3094,NS-330-SOF,12.0,38000,4560,33440,rachel.mendez@northstar.example,2025-04-22,Competitive,Approved,rachel.mendez@northstar.example,2025-04-22
DR-7189,CRM-3030,NS-780-SER,15.0,198000,29700,168300,kelly.floyd@northstar.example,2025-04-23,Competitive,Approved,kelly.floyd@northstar.example,2025-04-23
DR-7190,CRM-3115,NS-840-EQU,15.0,339000,50850,288150,zachary.brown@northstar.example,2025-04-24,Competitive,Approved,zachary.brown@northstar.example,2025-04-24
DR-7191,CRM-3095,NS-740-EQU,22.0,276000,60720,215280,zachary.brown@northstar.example,2025-04-25,Competitive,Approved,michael.torres@northstar.example,2025-04-25
DR-7192,CRM-3055,NS-780-SER,22.0,198000,43560,154440,stephanie.wells@northstar.example,2025-04-25,Competitive,Approved,michael.torres@northstar.example,2025-04-25
DR-7193,CRM-3062,NS-840-EQU,10.0,339000,33900,305100,rachel.mendez@northstar.example,2025-04-25,Competitive,Approved,rachel.mendez@northstar.example,2025-04-25
DR-7194,CRM-3034,NS-150-SOF,10.0,149000,14900,134100,anthony.day@northstar.example,2025-04-26,Competitive,Approved,anthony.day@northstar.example,2025-04-26
DR-7195,CRM-3099,NS-370-SOF,5.0,169000,8450,160550,kelly.floyd@northstar.example,2025-04-26,Competitive,Approved,kelly.floyd@northstar.example,2025-04-26
DR-7196,CRM-3158,NS-160-EQU,8.0,163000,13040,149960,kelly.floyd@northstar.example,2025-04-27,Competitive,Approved,kelly.floyd@northstar.example,2025-04-27
DR-7197,CRM-3132,NS-760-SOF,10.0,128000,12800,115200,stephanie.wells@northstar.example,2025-04-27,Competitive,Approved,stephanie.wells@northstar.example,2025-04-27
DR-7198,CRM-3073,NS-550-SER,22.0,338000,74360,263640,rachel.mendez@northstar.example,2025-04-28,Competitive,Approved,michael.torres@northstar.example,2025-04-28
DR-7199,CRM-3183,NS-490-EQU,10.0,37000,3700,33300,anthony.day@northstar.example,2025-04-28,Competitive,Approved,anthony.day@northstar.example,2025-04-28
DR-7200,CRM-3047,NS-750-SOF,15.0,77000,11550,65450,rachel.mendez@northstar.example,2025-04-29,Competitive,Approved,rachel.mendez@northstar.example,2025-04-29
DR-7201,CRM-3168,NS-780-SER,8.0,198000,15840,182160,charles.lopez@northstar.example,2025-05-01,Competitive,Approved,charles.lopez@northstar.example,2025-05-01
DR-7202,CRM-3117,NS-170-EQU,22.0,337000,74140,262860,anthony.day@northstar.example,2025-05-01,Competitive,Approved,michael.torres@northstar.example,2025-05-01
DR-7203,CRM-3025,NS-860-SOF,5.0,173000,8650,164350,charles.lopez@northstar.example,2025-05-02,Competitive,Approved,charles.lopez@northstar.example,2025-05-02
DR-7204,CRM-3101,NS-510-SOF,18.0,327000,58860,268140,kelly.floyd@northstar.example,2025-05-02,Competitive,Approved,michael.torres@northstar.example,2025-05-02
DR-7205,CRM-3019,NS-540-EQU,15.0,211000,31650,179350,kelly.floyd@northstar.example,2025-05-02,Competitive,Approved,kelly.floyd@northstar.example,2025-05-02
DR-7206,CRM-3055,NS-260-SER,15.0,140000,21000,119000,stephanie.wells@northstar.example,2025-05-02,Competitive,Approved,stephanie.wells@northstar.example,2025-05-02
DR-7207,CRM-3152,NS-470-EQU,15.0,219000,32850,186150,charles.lopez@northstar.example,2025-05-03,Competitive,Approved,charles.lopez@northstar.example,2025-05-03
DR-7208,CRM-3030,NS-130-EQU,15.0,121000,18150,102850,kelly.floyd@northstar.example,2025-05-04,Competitive,Approved,kelly.floyd@northstar.example,2025-05-04
DR-7209,CRM-3130,NS-780-SER,12.0,198000,23760,174240,michelle.taylor@northstar.example,2025-05-04,Competitive,Approved,michelle.taylor@northstar.example,2025-05-04
DR-7210,CRM-3133,NS-970-EQU,8.0,24000,1920,22080,zachary.brown@northstar.example,2025-05-04,Competitive,Approved,zachary.brown@northstar.example,2025-05-04
DR-7211,CRM-3171,NS-370-SOF,15.0,169000,25350,143650,anthony.day@northstar.example,2025-05-05,Competitive,Approved,anthony.day@northstar.example,2025-05-05
DR-7212,CRM-3033,NS-170-EQU,15.0,337000,50550,286450,michelle.taylor@northstar.example,2025-05-06,Competitive,Approved,michelle.taylor@northstar.example,2025-05-06
DR-7213,CRM-3022,NS-400-EQU,22.0,338000,74360,263640,charles.lopez@northstar.example,2025-05-07,Competitive,Approved,michael.torres@northstar.example,2025-05-07
DR-7214,CRM-3080,NS-380-EQU,5.0,400000,20000,380000,kelly.floyd@northstar.example,2025-05-07,Competitive,Approved,kelly.floyd@northstar.example,2025-05-07
DR-7215,CRM-3057,NS-710-SOF,15.0,62000,9300,52700,zachary.brown@northstar.example,2025-05-09,Competitive,Approved,zachary.brown@northstar.example,2025-05-09
DR-7216,CRM-3026,NS-760-SOF,8.0,128000,10240,117760,michelle.taylor@northstar.example,2025-05-09,Competitive,Approved,michelle.taylor@northstar.example,2025-05-09
DR-7217,CRM-3089,NS-400-EQU,10.0,338000,33800,304200,stephanie.wells@northstar.example,2025-05-09,Competitive,Approved,stephanie.wells@northstar.example,2025-05-09
DR-7218,CRM-3056,NS-470-EQU,22.0,219000,48180,170820,michelle.taylor@northstar.example,2025-05-10,Competitive,Approved,michael.torres@northstar.example,2025-05-10
DR-7219,CRM-3009,NS-240-EQU,15.0,88000,13200,74800,anthony.day@northstar.example,2025-05-10,Competitive,Approved,anthony.day@northstar.example,2025-05-10
DR-7220,CRM-3046,NS-840-SER,8.0,93000,7440,85560,rachel.mendez@northstar.example,2025-05-10,Competitive,Approved,rachel.mendez@northstar.example,2025-05-10
DR-7221,CRM-3087,NS-890-EQU,8.0,236000,18880,217120,rachel.mendez@northstar.example,2025-05-11,Competitive,Approved,rachel.mendez@northstar.example,2025-05-11
DR-7222,CRM-3101,NS-760-EQU,18.0,208000,37440,170560,kelly.floyd@northstar.example,2025-05-14,Competitive,Approved,michael.torres@northstar.example,2025-05-14
DR-7223,CRM-3035,NS-510-SOF,18.0,327000,58860,268140,stephanie.wells@northstar.example,2025-05-14,Competitive,Approved,michael.torres@northstar.example,2025-05-14
DR-7224,CRM-3195,NS-750-SOF,22.0,77000,16940,60060,charles.lopez@northstar.example,2025-05-14,Competitive,Approved,michael.torres@northstar.example,2025-05-14
DR-7225,CRM-3088,NS-350-SER,12.0,190000,22800,167200,anthony.day@northstar.example,2025-05-14,Competitive,Approved,anthony.day@northstar.example,2025-05-14
DR-7226,CRM-3057,NS-750-SOF,22.0,77000,16940,60060,zachary.brown@northstar.example,2025-05-14,Competitive,Approved,michael.torres@northstar.example,2025-05-14
DR-7227,CRM-3008,NS-170-SOF,18.0,42000,7560,34440,charles.lopez@northstar.example,2025-05-16,Competitive,Approved,michael.torres@northstar.example,2025-05-16
DR-7228,CRM-3074,NS-240-EQU,10.0,88000,8800,79200,michelle.taylor@northstar.example,2025-05-17,Competitive,Approved,michelle.taylor@northstar.example,2025-05-17
DR-7229,CRM-3006,NS-950-SOF,12.0,116000,13920,102080,charles.lopez@northstar.example,2025-05-17,Competitive,Approved,charles.lopez@northstar.example,2025-05-17
DR-7230,CRM-3049,NS-510-SOF,22.0,327000,71940,255060,michelle.taylor@northstar.example,2025-05-18,Competitive,Approved,michael.torres@northstar.example,2025-05-18
DR-7231,CRM-3177,NS-950-SOF,10.0,116000,11600,104400,stephanie.wells@northstar.example,2025-05-19,Competitive,Approved,stephanie.wells@northstar.example,2025-05-19
DR-7232,CRM-3106,NS-160-EQU,22.0,163000,35860,127140,anthony.day@northstar.example,2025-05-19,Competitive,Approved,michael.torres@northstar.example,2025-05-19
DR-7233,CRM-3112,NS-350-SER,8.0,190000,15200,174800,stephanie.wells@northstar.example,2025-05-22,Competitive,Approved,stephanie.wells@northstar.example,2025-05-22
DR-7234,CRM-3136,NS-840-SER,22.0,93000,20460,72540,stephanie.wells@northstar.example,2025-05-22,Competitive,Approved,michael.torres@northstar.example,2025-05-22
DR-7235,CRM-3088,NS-740-SER,15.0,171000,25650,145350,anthony.day@northstar.example,2025-05-23,Competitive,Approved,anthony.day@northstar.example,2025-05-23
DR-7236,CRM-3035,NS-EDGE,5.0,85000,4250,80750,stephanie.wells@northstar.example,2025-05-24,Competitive,Approved,stephanie.wells@northstar.example,2025-05-24
DR-7237,CRM-3121,NS-130-SER,18.0,241000,43380,197620,kelly.floyd@northstar.example,2025-05-24,Competitive,Approved,michael.torres@northstar.example,2025-05-24
DR-7238,CRM-3077,NS-710-EQU,22.0,128000,28160,99840,stephanie.wells@northstar.example,2025-05-24,Competitive,Approved,michael.torres@northstar.example,2025-05-24
DR-7239,CRM-3141,NS-890-EQU,15.0,236000,35400,200600,anthony.day@northstar.example,2025-05-25,Competitive,Approved,anthony.day@northstar.example,2025-05-25
DR-7240,CRM-3076,NS-840-EQU,8.0,339000,27120,311880,zachary.brown@northstar.example,2025-05-25,Competitive,Approved,zachary.brown@northstar.example,2025-05-25
DR-7241,CRM-3120,NS-550-SER,18.0,338000,60840,277160,rachel.mendez@northstar.example,2025-05-26,Competitive,Approved,michael.torres@northstar.example,2025-05-26
DR-7242,CRM-3078,NS-390-SOF,8.0,96000,7680,88320,michelle.taylor@northstar.example,2025-05-26,Competitive,Approved,michelle.taylor@northstar.example,2025-05-26
DR-7243,CRM-3102,NS-560-SOF,15.0,233000,34950,198050,charles.lopez@northstar.example,2025-05-27,Competitive,Approved,charles.lopez@northstar.example,2025-05-27
DR-7244,CRM-3092,NS-580-EQU,5.0,47000,2350,44650,anthony.day@northstar.example,2025-05-28,Competitive,Approved,anthony.day@northstar.example,2025-05-28
DR-7245,CRM-3187,NS-320-SOF,10.0,179000,17900,161100,michelle.taylor@northstar.example,2025-05-28,Competitive,Approved,michelle.taylor@northstar.example,2025-05-28
DR-7246,CRM-3123,NS-380-EQU,8.0,400000,32000,368000,stephanie.wells@northstar.example,2025-05-28,Competitive,Approved,stephanie.wells@northstar.example,2025-05-28
DR-7247,CRM-2051,NS-650-SOF,18.0,346000,62280,283720,kelly.floyd@northstar.example,2025-05-29,Competitive,Approved,michael.torres@northstar.example,2025-05-29
DR-7248,CRM-3160,NS-240-EQU,12.0,88000,10560,77440,michelle.taylor@northstar.example,2025-05-30,Competitive,Approved,michelle.taylor@northstar.example,2025-05-30
DR-7249,CRM-3120,NS-890-EQU,12.0,236000,28320,207680,rachel.mendez@northstar.example,2025-05-30,Competitive,Approved,rachel.mendez@northstar.example,2025-05-30
DR-7250,CRM-3090,NS-830-EQU,22.0,203000,44660,158340,charles.lopez@northstar.example,2025-05-31,Competitive,Approved,michael.torres@northstar.example,2025-05-31
DR-7251,CRM-3073,NS-370-SOF,12.0,169000,20280,148720,rachel.mendez@northstar.example,2025-05-31,Competitive,Approved,rachel.mendez@northstar.example,2025-05-31
DR-7252,CRM-3004,NS-690-SER,10.0,22000,2200,19800,kelly.floyd@northstar.example,2025-05-31,Competitive,Approved,kelly.floyd@northstar.example,2025-05-31
DR-7253,CRM-3006,NS-190-SER,12.0,228000,27360,200640,charles.lopez@northstar.example,2025-06-01,Competitive,Approved,charles.lopez@northstar.example,2025-06-01
DR-7254,CRM-3194,NS-740-EQU,15.0,276000,41400,234600,stephanie.wells@northstar.example,2025-06-01,Competitive,Approved,stephanie.wells@northstar.example,2025-06-01
DR-7255,CRM-3169,NS-710-EQU,8.0,128000,10240,117760,kelly.floyd@northstar.example,2025-06-01,Competitive,Approved,kelly.floyd@northstar.example,2025-06-01
DR-7256,CRM-3177,NS-490-SOF,22.0,190000,41800,148200,stephanie.wells@northstar.example,2025-06-02,Competitive,Approved,michael.torres@northstar.example,2025-06-02
DR-7257,CRM-3123,NS-830-EQU,10.0,203000,20300,182700,stephanie.wells@northstar.example,2025-06-02,Competitive,Approved,stephanie.wells@northstar.example,2025-06-02
DR-7258,CRM-3116,NS-160-SOF,5.0,369000,18450,350550,charles.lopez@northstar.example,2025-06-03,Competitive,Approved,charles.lopez@northstar.example,2025-06-03
DR-7259,CRM-3026,NS-380-EQU,22.0,400000,88000,312000,michelle.taylor@northstar.example,2025-06-03,Competitive,Approved,michael.torres@northstar.example,2025-06-03
DR-7260,CRM-3008,NS-160-SOF,10.0,369000,36900,332100,charles.lopez@northstar.example,2025-06-03,Competitive,Approved,charles.lopez@northstar.example,2025-06-03
DR-7261,CRM-3072,NS-930-SOF,5.0,175000,8750,166250,stephanie.wells@northstar.example,2025-06-03,Competitive,Approved,stephanie.wells@northstar.example,2025-06-03
DR-7262,CRM-3194,NS-160-SOF,8.0,288000,23040,264960,stephanie.wells@northstar.example,2025-06-03,Competitive,Approved,stephanie.wells@northstar.example,2025-06-03
DR-7263,CRM-3077,NS-840-EQU,8.0,339000,27120,311880,stephanie.wells@northstar.example,2025-06-04,Competitive,Approved,stephanie.wells@northstar.example,2025-06-04
DR-7264,CRM-2091,NS-170-EQU,15.0,25000,3750,21250,zachary.brown@northstar.example,2025-06-05,Competitive,Approved,zachary.brown@northstar.example,2025-06-05
DR-7265,CRM-3030,NS-550-SER,15.0,338000,50700,287300,kelly.floyd@northstar.example,2025-06-05,Competitive,Approved,kelly.floyd@northstar.example,2025-06-05
DR-7266,CRM-3146,NS-650-SOF,22.0,346000,76120,269880,zachary.brown@northstar.example,2025-06-07,Competitive,Approved,michael.torres@northstar.example,2025-06-07
DR-7267,CRM-3148,NS-420-SOF,18.0,12000,2160,9840,kelly.floyd@northstar.example,2025-06-08,Competitive,Approved,michael.torres@northstar.example,2025-06-08
DR-7268,CRM-3072,NS-EDGE,22.0,85000,18700,66300,stephanie.wells@northstar.example,2025-06-09,Competitive,Approved,michael.torres@northstar.example,2025-06-09
DR-7269,CRM-3095,NS-150-SOF,18.0,149000,26820,122180,zachary.brown@northstar.example,2025-06-09,Competitive,Approved,michael.torres@northstar.example,2025-06-09
DR-7270,CRM-3052,NS-730-EQU,22.0,69000,15180,53820,rachel.mendez@northstar.example,2025-06-09,Competitive,Approved,michael.torres@northstar.example,2025-06-09
DR-7271,CRM-3188,NS-830-EQU,12.0,203000,24360,178640,michelle.taylor@northstar.example,2025-06-10,Competitive,Approved,michelle.taylor@northstar.example,2025-06-10
DR-7272,CRM-3016,NS-190-SER,8.0,228000,18240,209760,rachel.mendez@northstar.example,2025-06-10,Competitive,Approved,rachel.mendez@northstar.example,2025-06-10
DR-7273,CRM-3192,NS-410-SOF,5.0,381000,19050,361950,rachel.mendez@northstar.example,2025-06-11,Competitive,Approved,rachel.mendez@northstar.example,2025-06-11
DR-7274,CRM-3146,NS-730-EQU,12.0,69000,8280,60720,zachary.brown@northstar.example,2025-06-11,Competitive,Approved,zachary.brown@northstar.example,2025-06-11
DR-7275,CRM-3166,NS-350-EQU,5.0,347000,17350,329650,kelly.floyd@northstar.example,2025-06-12,Competitive,Approved,kelly.floyd@northstar.example,2025-06-12
DR-7276,CRM-3156,NS-580-EQU,10.0,47000,4700,42300,kelly.floyd@northstar.example,2025-06-13,Competitive,Approved,kelly.floyd@northstar.example,2025-06-13
DR-7277,CRM-3171,NS-540-EQU,5.0,211000,10550,200450,anthony.day@northstar.example,2025-06-14,Competitive,Approved,anthony.day@northstar.example,2025-06-14
DR-7278,CRM-3130,NS-160-SOF,8.0,369000,29520,339480,michelle.taylor@northstar.example,2025-06-14,Competitive,Approved,michelle.taylor@northstar.example,2025-06-14
DR-7279,CRM-3111,NS-390-SOF,8.0,96000,7680,88320,michelle.taylor@northstar.example,2025-06-15,Competitive,Approved,michelle.taylor@northstar.example,2025-06-15
DR-7280,CRM-3081,NS-610-SOF,5.0,126000,6300,119700,rachel.mendez@northstar.example,2025-06-16,Competitive,Approved,rachel.mendez@northstar.example,2025-06-16
DR-7281,CRM-3053,NS-250-EQU,15.0,279000,41850,237150,rachel.mendez@northstar.example,2025-06-16,Competitive,Approved,rachel.mendez@northstar.example,2025-06-16
DR-7282,CRM-3102,NS-170-EQU,10.0,25000,2500,22500,charles.lopez@northstar.example,2025-06-17,Competitive,Approved,charles.lopez@northstar.example,2025-06-17
DR-7283,CRM-3176,NS-830-EQU,8.0,203000,16240,186760,kelly.floyd@northstar.example,2025-06-18,Competitive,Approved,kelly.floyd@northstar.example,2025-06-18
DR-7284,CRM-3044,NS-410-SOF,10.0,381000,38100,342900,charles.lopez@northstar.example,2025-06-18,Competitive,Approved,charles.lopez@northstar.example,2025-06-18
DR-7285,CRM-3179,NS-500-SOF,8.0,372000,29760,342240,michelle.taylor@northstar.example,2025-06-18,Competitive,Approved,michelle.taylor@northstar.example,2025-06-18
DR-7286,CRM-3092,NS-540-EQU,12.0,211000,25320,185680,anthony.day@northstar.example,2025-06-19,Competitive,Approved,anthony.day@northstar.example,2025-06-19
DR-7287,CRM-3023,NS-EDGE,12.0,85000,10200,74800,rachel.mendez@northstar.example,2025-06-19,Competitive,Approved,rachel.mendez@northstar.example,2025-06-19
DR-7288,CRM-3090,NS-510-SOF,8.0,327000,26160,300840,charles.lopez@northstar.example,2025-06-19,Competitive,Approved,charles.lopez@northstar.example,2025-06-19
DR-7289,CRM-3105,NS-640-SER,8.0,348000,27840,320160,zachary.brown@northstar.example,2025-06-20,Competitive,Approved,zachary.brown@northstar.example,2025-06-20
DR-7290,CRM-3189,NS-840-SER,12.0,93000,11160,81840,charles.lopez@northstar.example,2025-06-20,Competitive,Approved,charles.lopez@northstar.example,2025-06-20
DR-7291,CRM-3017,NS-350-EQU,18.0,347000,62460,284540,rachel.mendez@northstar.example,2025-06-20,Competitive,Approved,michael.torres@northstar.example,2025-06-20
DR-7292,CRM-3091,NS-130-SER,18.0,241000,43380,197620,stephanie.wells@northstar.example,2025-06-21,Competitive,Approved,michael.torres@northstar.example,2025-06-21
DR-7293,CRM-3082,NS-760-SOF,12.0,128000,15360,112640,michelle.taylor@northstar.example,2025-06-23,Competitive,Approved,michelle.taylor@northstar.example,2025-06-23
DR-7294,CRM-3096,NS-160-EQU,10.0,163000,16300,146700,charles.lopez@northstar.example,2025-06-23,Competitive,Approved,charles.lopez@northstar.example,2025-06-23
DR-7295,CRM-3022,NS-320-SOF,15.0,179000,26850,152150,charles.lopez@northstar.example,2025-06-24,Competitive,Approved,charles.lopez@northstar.example,2025-06-24
DR-7296,CRM-3170,NS-970-EQU,5.0,24000,1200,22800,stephanie.wells@northstar.example,2025-06-24,Competitive,Approved,stephanie.wells@northstar.example,2025-06-24
DR-7297,CRM-3074,NS-500-EQU,18.0,326000,58680,267320,michelle.taylor@northstar.example,2025-06-25,Competitive,Approved,michael.torres@northstar.example,2025-06-25
DR-7298,CRM-3127,NS-170-SOF,15.0,42000,6300,35700,stephanie.wells@northstar.example,2025-06-26,Competitive,Approved,stephanie.wells@northstar.example,2025-06-26
DR-7299,CRM-3135,NS-250-EQU,10.0,279000,27900,251100,kelly.floyd@northstar.example,2025-06-26,Competitive,Approved,kelly.floyd@northstar.example,2025-06-26
DR-7300,CRM-3024,NS-380-EQU,12.0,400000,48000,352000,rachel.mendez@northstar.example,2025-06-26,Competitive,Approved,rachel.mendez@northstar.example,2025-06-26
DR-7301,CRM-3038,NS-160-EQU,15.0,163000,24450,138550,rachel.mendez@northstar.example,2025-06-27,Competitive,Approved,rachel.mendez@northstar.example,2025-06-27
DR-7302,CRM-3174,NS-870-SOF,5.0,293000,14650,278350,zachary.brown@northstar.example,2025-06-28,Competitive,Approved,zachary.brown@northstar.example,2025-06-28
DR-7303,CRM-3040,NS-690-SER,15.0,22000,3300,18700,anthony.day@northstar.example,2025-06-28,Competitive,Approved,anthony.day@northstar.example,2025-06-28
DR-7304,CRM-3194,NS-370-SOF,5.0,169000,8450,160550,stephanie.wells@northstar.example,2025-06-29,Competitive,Approved,stephanie.wells@northstar.example,2025-06-29
DR-7305,CRM-3152,NS-170-EQU,8.0,25000,2000,23000,charles.lopez@northstar.example,2025-06-29,Competitive,Approved,charles.lopez@northstar.example,2025-06-29
DR-7306,CRM-3151,NS-610-SER,5.0,282000,14100,267900,michelle.taylor@northstar.example,2025-07-01,Competitive,Approved,michelle.taylor@northstar.example,2025-07-01
DR-7307,CRM-3100,NS-470-EQU,10.0,219000,21900,197100,charles.lopez@northstar.example,2025-07-02,Competitive,Approved,charles.lopez@northstar.example,2025-07-02
DR-7308,CRM-3054,NS-250-SOF,18.0,308000,55440,252560,zachary.brown@northstar.example,2025-07-02,Competitive,Approved,michael.torres@northstar.example,2025-07-02
DR-7309,CRM-3034,NS-150-SOF,5.0,149000,7450,141550,anthony.day@northstar.example,2025-07-04,Competitive,Approved,anthony.day@northstar.example,2025-07-04
DR-7310,CRM-3089,NS-350-EQU,10.0,347000,34700,312300,stephanie.wells@northstar.example,2025-07-04,Competitive,Approved,stephanie.wells@northstar.example,2025-07-04
DR-7311,CRM-3018,NS-540-EQU,18.0,211000,37980,173020,kelly.floyd@northstar.example,2025-07-05,Competitive,Approved,michael.torres@northstar.example,2025-07-05
DR-7312,CRM-3138,NS-400-EQU,8.0,9000,720,8280,zachary.brown@northstar.example,2025-07-07,Competitive,Approved,zachary.brown@northstar.example,2025-07-07
DR-7313,CRM-3160,NS-170-SOF,12.0,42000,5040,36960,michelle.taylor@northstar.example,2025-07-07,Competitive,Approved,michelle.taylor@northstar.example,2025-07-07
DR-7314,CRM-3084,NS-370-SOF,12.0,169000,20280,148720,charles.lopez@northstar.example,2025-07-07,Competitive,Approved,charles.lopez@northstar.example,2025-07-07
DR-7315,CRM-3018,NS-160-SOF,12.0,369000,44280,324720,kelly.floyd@northstar.example,2025-07-08,Competitive,Approved,kelly.floyd@northstar.example,2025-07-08
DR-7316,CRM-3109,NS-670-SER,5.0,258000,12900,245100,michelle.taylor@northstar.example,2025-07-08,Competitive,Approved,michelle.taylor@northstar.example,2025-07-08
DR-7317,CRM-3034,NS-610-SOF,10.0,126000,12600,113400,anthony.day@northstar.example,2025-07-08,Competitive,Approved,anthony.day@northstar.example,2025-07-08
DR-7318,CRM-3156,NS-860-EQU,22.0,17000,3740,13260,kelly.floyd@northstar.example,2025-07-08,Competitive,Approved,michael.torres@northstar.example,2025-07-08
DR-7319,CRM-3121,NS-170-SOF,10.0,352000,35200,316800,kelly.floyd@northstar.example,2025-07-08,Competitive,Approved,kelly.floyd@northstar.example,2025-07-08
DR-7320,CRM-3134,NS-650-SOF,10.0,346000,34600,311400,charles.lopez@northstar.example,2025-07-11,Competitive,Approved,charles.lopez@northstar.example,2025-07-11
DR-7321,CRM-3071,NS-320-SOF,12.0,179000,21480,157520,zachary.brown@northstar.example,2025-07-12,Competitive,Approved,zachary.brown@northstar.example,2025-07-12
DR-7322,CRM-3031,NS-830-EQU,10.0,203000,20300,182700,charles.lopez@northstar.example,2025-07-13,Competitive,Approved,charles.lopez@northstar.example,2025-07-13
DR-7323,CRM-3170,NS-500-EQU,15.0,326000,48900,277100,stephanie.wells@northstar.example,2025-07-13,Competitive,Approved,stephanie.wells@northstar.example,2025-07-13
DR-7324,CRM-3067,NS-250-EQU,5.0,279000,13950,265050,stephanie.wells@northstar.example,2025-07-13,Competitive,Approved,stephanie.wells@northstar.example,2025-07-13
DR-7325,CRM-3150,NS-170-SOF,5.0,42000,2100,39900,charles.lopez@northstar.example,2025-07-13,Competitive,Approved,charles.lopez@northstar.example,2025-07-13
DR-7326,CRM-3126,NS-160-SOF,10.0,369000,36900,332100,kelly.floyd@northstar.example,2025-07-13,Competitive,Approved,kelly.floyd@northstar.example,2025-07-13
DR-7327,CRM-3181,NS-500-SOF,12.0,372000,44640,327360,stephanie.wells@northstar.example,2025-07-13,Competitive,Approved,stephanie.wells@northstar.example,2025-07-13
DR-7328,CRM-3067,NS-740-EQU,8.0,276000,22080,253920,stephanie.wells@northstar.example,2025-07-14,Competitive,Approved,stephanie.wells@northstar.example,2025-07-14
DR-7329,CRM-3087,NS-330-SOF,22.0,38000,8360,29640,rachel.mendez@northstar.example,2025-07-15,Competitive,Approved,michael.torres@northstar.example,2025-07-15
DR-7330,CRM-3004,NS-830-EQU,5.0,203000,10150,192850,kelly.floyd@northstar.example,2025-07-15,Competitive,Approved,kelly.floyd@northstar.example,2025-07-15
DR-7331,CRM-3093,NS-400-EQU,12.0,338000,40560,297440,zachary.brown@northstar.example,2025-07-15,Competitive,Approved,zachary.brown@northstar.example,2025-07-15
DR-7332,CRM-3128,NS-490-SOF,10.0,190000,19000,171000,zachary.brown@northstar.example,2025-07-15,Competitive,Approved,zachary.brown@northstar.example,2025-07-15
DR-7333,CRM-3065,NS-260-SER,10.0,140000,14000,126000,zachary.brown@northstar.example,2025-07-16,Competitive,Approved,zachary.brown@northstar.example,2025-07-16
DR-7334,CRM-3092,NS-410-SOF,15.0,381000,57150,323850,anthony.day@northstar.example,2025-07-17,Competitive,Approved,anthony.day@northstar.example,2025-07-17
DR-7335,CRM-3036,NS-500-SOF,5.0,372000,18600,353400,kelly.floyd@northstar.example,2025-07-18,Competitive,Approved,kelly.floyd@northstar.example,2025-07-18
DR-7336,CRM-3147,NS-420-SOF,12.0,12000,1440,10560,rachel.mendez@northstar.example,2025-07-19,Competitive,Approved,rachel.mendez@northstar.example,2025-07-19
DR-7337,CRM-3069,NS-380-SOF,5.0,347000,17350,329650,zachary.brown@northstar.example,2025-07-19,Competitive,Approved,zachary.brown@northstar.example,2025-07-19
DR-7338,CRM-3163,NS-540-EQU,12.0,211000,25320,185680,michelle.taylor@northstar.example,2025-07-20,Competitive,Approved,michelle.taylor@northstar.example,2025-07-20
DR-7339,CRM-3019,NS-490-SER,12.0,230000,27600,202400,kelly.floyd@northstar.example,2025-07-20,Competitive,Approved,kelly.floyd@northstar.example,2025-07-20
DR-7340,CRM-3019,NS-250-EQU,10.0,279000,27900,251100,kelly.floyd@northstar.example,2025-07-22,Competitive,Approved,kelly.floyd@northstar.example,2025-07-22
DR-7341,CRM-3135,NS-240-EQU,15.0,88000,13200,74800,kelly.floyd@northstar.example,2025-07-22,Competitive,Approved,kelly.floyd@northstar.example,2025-07-22
DR-7342,CRM-3065,NS-950-SOF,5.0,116000,5800,110200,zachary.brown@northstar.example,2025-07-22,Competitive,Approved,zachary.brown@northstar.example,2025-07-22
DR-7343,CRM-3026,NS-740-EQU,22.0,276000,60720,215280,michelle.taylor@northstar.example,2025-07-23,Competitive,Approved,michael.torres@northstar.example,2025-07-23
DR-7344,CRM-3131,NS-190-SER,22.0,228000,50160,177840,kelly.floyd@northstar.example,2025-07-23,Competitive,Approved,michael.torres@northstar.example,2025-07-23
DR-7345,CRM-3088,NS-840-SER,18.0,93000,16740,76260,anthony.day@northstar.example,2025-07-23,Competitive,Approved,michael.torres@northstar.example,2025-07-23
DR-7346,CRM-3004,NS-480-EQU,12.0,235000,28200,206800,kelly.floyd@northstar.example,2025-07-24,Competitive,Approved,kelly.floyd@northstar.example,2025-07-24
DR-7347,CRM-3194,NS-510-SOF,22.0,327000,71940,255060,stephanie.wells@northstar.example,2025-07-25,Competitive,Approved,michael.torres@northstar.example,2025-07-25
DR-7348,CRM-3145,NS-400-SOF,18.0,23000,4140,18860,stephanie.wells@northstar.example,2025-07-25,Competitive,Approved,michael.torres@northstar.example,2025-07-25
DR-7349,CRM-3065,NS-750-SOF,18.0,77000,13860,63140,zachary.brown@northstar.example,2025-07-26,Competitive,Approved,michael.torres@northstar.example,2025-07-26
DR-7350,CRM-3015,NS-710-EQU,8.0,128000,10240,117760,rachel.mendez@northstar.example,2025-07-28,Competitive,Approved,rachel.mendez@northstar.example,2025-07-28
DR-7351,CRM-3106,NS-130-EQU,8.0,121000,9680,111320,anthony.day@northstar.example,2025-07-28,Competitive,Approved,anthony.day@northstar.example,2025-07-28
DR-7352,CRM-3040,NS-490-SOF,8.0,190000,15200,174800,anthony.day@northstar.example,2025-07-29,Competitive,Approved,anthony.day@northstar.example,2025-07-29
DR-7353,CRM-3027,NS-170-EQU,18.0,337000,60660,276340,stephanie.wells@northstar.example,2025-07-29,Competitive,Approved,michael.torres@northstar.example,2025-07-29
DR-7354,CRM-3021,NS-670-SER,5.0,258000,12900,245100,charles.lopez@northstar.example,2025-08-01,Competitive,Approved,charles.lopez@northstar.example,2025-08-01
DR-7355,CRM-3010,NS-560-SOF,15.0,56000,8400,47600,anthony.day@northstar.example,2025-08-01,Competitive,Approved,anthony.day@northstar.example,2025-08-01
DR-7356,CRM-3014,NS-410-SOF,8.0,381000,30480,350520,stephanie.wells@northstar.example,2025-08-02,Competitive,Approved,stephanie.wells@northstar.example,2025-08-02
DR-7357,CRM-3091,NS-730-EQU,22.0,69000,15180,53820,stephanie.wells@northstar.example,2025-08-02,Competitive,Approved,michael.torres@northstar.example,2025-08-02
DR-7358,CRM-3004,NS-190-SER,10.0,228000,22800,205200,kelly.floyd@northstar.example,2025-08-02,Competitive,Approved,kelly.floyd@northstar.example,2025-08-02
DR-7359,CRM-3034,NS-150-SOF,10.0,149000,14900,134100,anthony.day@northstar.example,2025-08-02,Competitive,Approved,anthony.day@northstar.example,2025-08-02
DR-7360,CRM-3131,NS-390-SOF,18.0,96000,17280,78720,kelly.floyd@northstar.example,2025-08-03,Competitive,Approved,michael.torres@northstar.example,2025-08-03
DR-7361,CRM-3013,NS-260-SER,10.0,140000,14000,126000,michelle.taylor@northstar.example,2025-08-04,Competitive,Approved,michelle.taylor@northstar.example,2025-08-04
DR-7362,CRM-3178,NS-710-EQU,18.0,128000,23040,104960,kelly.floyd@northstar.example,2025-08-05,Competitive,Approved,michael.torres@northstar.example,2025-08-05
DR-7363,CRM-3179,NS-380-EQU,22.0,400000,88000,312000,michelle.taylor@northstar.example,2025-08-05,Competitive,Approved,michael.torres@northstar.example,2025-08-05
DR-7364,CRM-3159,NS-860-SOF,15.0,173000,25950,147050,charles.lopez@northstar.example,2025-08-06,Competitive,Approved,charles.lopez@northstar.example,2025-08-06
DR-7365,CRM-3184,NS-170-EQU,22.0,25000,5500,19500,rachel.mendez@northstar.example,2025-08-06,Competitive,Approved,michael.torres@northstar.example,2025-08-06
DR-7366,CRM-3111,NS-500-EQU,15.0,326000,48900,277100,michelle.taylor@northstar.example,2025-08-07,Competitive,Approved,michelle.taylor@northstar.example,2025-08-07
DR-7367,CRM-3154,NS-580-EQU,18.0,47000,8460,38540,charles.lopez@northstar.example,2025-08-08,Competitive,Approved,michael.torres@northstar.example,2025-08-08
DR-7368,CRM-3065,NS-330-SOF,5.0,38000,1900,36100,zachary.brown@northstar.example,2025-08-08,Competitive,Approved,zachary.brown@northstar.example,2025-08-08
DR-7369,CRM-3089,NS-150-SOF,12.0,149000,17880,131120,stephanie.wells@northstar.example,2025-08-08,Competitive,Approved,stephanie.wells@northstar.example,2025-08-08
DR-7370,CRM-3127,NS-820-SER,8.0,113000,9040,103960,stephanie.wells@northstar.example,2025-08-08,Competitive,Approved,stephanie.wells@northstar.example,2025-08-08
DR-7371,CRM-3195,NS-260-SER,5.0,140000,7000,133000,charles.lopez@northstar.example,2025-08-09,Competitive,Approved,charles.lopez@northstar.example,2025-08-09
DR-7372,CRM-3058,NS-780-SER,18.0,198000,35640,162360,anthony.day@northstar.example,2025-08-10,Competitive,Approved,michael.torres@northstar.example,2025-08-10
DR-7373,CRM-3104,NS-380-EQU,5.0,400000,20000,380000,stephanie.wells@northstar.example,2025-08-11,Competitive,Approved,stephanie.wells@northstar.example,2025-08-11
DR-7374,CRM-3007,NS-140-EQU,15.0,121000,18150,102850,charles.lopez@northstar.example,2025-08-11,Competitive,Approved,charles.lopez@northstar.example,2025-08-11
DR-7375,CRM-3020,NS-400-SOF,18.0,23000,4140,18860,charles.lopez@northstar.example,2025-08-12,Competitive,Approved,michael.torres@northstar.example,2025-08-12
DR-7376,CRM-3129,NS-560-SOF,22.0,233000,51260,181740,stephanie.wells@northstar.example,2025-08-13,Competitive,Approved,michael.torres@northstar.example,2025-08-13
DR-7377,CRM-3076,NS-400-EQU,18.0,338000,60840,277160,zachary.brown@northstar.example,2025-08-13,Competitive,Approved,michael.torres@northstar.example,2025-08-13
DR-7378,CRM-3033,NS-480-EQU,15.0,235000,35250,199750,michelle.taylor@northstar.example,2025-08-14,Competitive,Approved,michelle.taylor@northstar.example,2025-08-14
DR-7379,CRM-3044,NS-860-EQU,10.0,17000,1700,15300,charles.lopez@northstar.example,2025-08-14,Competitive,Approved,charles.lopez@northstar.example,2025-08-14
DR-7380,CRM-3025,NS-950-SOF,15.0,116000,17400,98600,charles.lopez@northstar.example,2025-08-14,Competitive,Approved,charles.lopez@northstar.example,2025-08-14
DR-7381,CRM-3124,NS-410-SOF,8.0,381000,30480,350520,rachel.mendez@northstar.example,2025-08-15,Competitive,Approved,rachel.mendez@northstar.example,2025-08-15
DR-7382,CRM-3124,NS-380-EQU,12.0,400000,48000,352000,rachel.mendez@northstar.example,2025-08-15,Competitive,Approved,rachel.mendez@northstar.example,2025-08-15
DR-7383,CRM-3015,NS-560-SOF,5.0,56000,2800,53200,rachel.mendez@northstar.example,2025-08-15,Competitive,Approved,rachel.mendez@northstar.example,2025-08-15
DR-7384,CRM-3056,NS-160-SOF,18.0,288000,51840,236160,michelle.taylor@northstar.example,2025-08-16,Competitive,Approved,michael.torres@northstar.example,2025-08-16
DR-7385,CRM-3016,NS-760-EQU,8.0,208000,16640,191360,rachel.mendez@northstar.example,2025-08-16,Competitive,Approved,rachel.mendez@northstar.example,2025-08-16
DR-7386,CRM-3139,NS-510-SOF,12.0,327000,39240,287760,anthony.day@northstar.example,2025-08-16,Competitive,Approved,anthony.day@northstar.example,2025-08-16
DR-7387,CRM-3105,NS-480-EQU,22.0,235000,51700,183300,zachary.brown@northstar.example,2025-08-17,Competitive,Approved,michael.torres@northstar.example,2025-08-17
DR-7388,CRM-3172,NS-710-SER,18.0,203000,36540,166460,zachary.brown@northstar.example,2025-08-18,Competitive,Approved,michael.torres@northstar.example,2025-08-18
DR-7389,CRM-3128,NS-130-SER,5.0,241000,12050,228950,zachary.brown@northstar.example,2025-08-18,Competitive,Approved,zachary.brown@northstar.example,2025-08-18
DR-7390,CRM-3199,NS-840-SER,8.0,93000,7440,85560,michelle.taylor@northstar.example,2025-08-18,Competitive,Approved,michelle.taylor@northstar.example,2025-08-18
DR-7391,CRM-3103,NS-510-SOF,10.0,327000,32700,294300,stephanie.wells@northstar.example,2025-08-20,Competitive,Approved,stephanie.wells@northstar.example,2025-08-20
DR-7392,CRM-3080,NS-380-EQU,15.0,400000,60000,340000,kelly.floyd@northstar.example,2025-08-20,Competitive,Approved,kelly.floyd@northstar.example,2025-08-20
DR-7393,CRM-3045,NS-730-EQU,10.0,69000,6900,62100,kelly.floyd@northstar.example,2025-08-20,Competitive,Approved,kelly.floyd@northstar.example,2025-08-20
DR-7394,CRM-3038,NS-610-SOF,22.0,126000,27720,98280,rachel.mendez@northstar.example,2025-08-20,Competitive,Approved,michael.torres@northstar.example,2025-08-20
DR-7395,CRM-3159,NS-330-SOF,22.0,38000,8360,29640,charles.lopez@northstar.example,2025-08-21,Competitive,Approved,michael.torres@northstar.example,2025-08-21
DR-7396,CRM-3123,NS-320-SOF,8.0,179000,14320,164680,stephanie.wells@northstar.example,2025-08-21,Competitive,Approved,stephanie.wells@northstar.example,2025-08-21
DR-7397,CRM-3115,NS-860-EQU,12.0,17000,2040,14960,zachary.brown@northstar.example,2025-08-22,Competitive,Approved,zachary.brown@northstar.example,2025-08-22
DR-7398,CRM-3030,NS-950-SOF,5.0,116000,5800,110200,kelly.floyd@northstar.example,2025-08-22,Competitive,Approved,kelly.floyd@northstar.example,2025-08-22
DR-7399,CRM-3189,NS-400-SOF,8.0,23000,1840,21160,charles.lopez@northstar.example,2025-08-24,Competitive,Approved,charles.lopez@northstar.example,2025-08-24
DR-7400,CRM-3010,NS-490-SER,8.0,230000,18400,211600,anthony.day@northstar.example,2025-08-24,Competitive,Approved,anthony.day@northstar.example,2025-08-24
DR-7401,CRM-3155,NS-170-SOF,10.0,352000,35200,316800,rachel.mendez@northstar.example,2025-08-25,Competitive,Approved,rachel.mendez@northstar.example,2025-08-25
DR-7402,CRM-3082,NS-400-EQU,18.0,338000,60840,277160,michelle.taylor@northstar.example,2025-08-25,Competitive,Approved,michael.torres@northstar.example,2025-08-25
DR-7403,CRM-3121,NS-760-SER,8.0,38000,3040,34960,kelly.floyd@northstar.example,2025-08-26,Competitive,Approved,kelly.floyd@northstar.example,2025-08-26
DR-7404,CRM-3114,NS-760-SOF,8.0,128000,10240,117760,charles.lopez@northstar.example,2025-08-28,Competitive,Approved,charles.lopez@northstar.example,2025-08-28
DR-7405,CRM-3020,NS-490-SOF,22.0,190000,41800,148200,charles.lopez@northstar.example,2025-08-29,Competitive,Approved,michael.torres@northstar.example,2025-08-29
DR-7406,CRM-3031,NS-750-SOF,8.0,77000,6160,70840,charles.lopez@northstar.example,2025-08-29,Competitive,Approved,charles.lopez@northstar.example,2025-08-29
DR-7407,CRM-3083,NS-690-SER,10.0,22000,2200,19800,kelly.floyd@northstar.example,2025-08-30,Competitive,Approved,kelly.floyd@northstar.example,2025-08-30
DR-7408,CRM-3194,NS-510-SOF,8.0,327000,26160,300840,stephanie.wells@northstar.example,2025-08-31,Competitive,Approved,stephanie.wells@northstar.example,2025-08-31
DR-7409,CRM-3090,NS-240-EQU,18.0,88000,15840,72160,charles.lopez@northstar.example,2025-08-31,Competitive,Approved,michael.torres@northstar.example,2025-08-31
DR-7410,CRM-3058,NS-610-SER,8.0,282000,22560,259440,anthony.day@northstar.example,2025-09-02,Competitive,Approved,anthony.day@northstar.example,2025-09-02
DR-7411,CRM-3071,NS-170-SOF,10.0,42000,4200,37800,zachary.brown@northstar.example,2025-09-02,Competitive,Approved,zachary.brown@northstar.example,2025-09-02
DR-7412,CRM-3124,NS-490-EQU,10.0,37000,3700,33300,rachel.mendez@northstar.example,2025-09-03,Competitive,Approved,rachel.mendez@northstar.example,2025-09-03
DR-7413,CRM-3006,NS-480-EQU,22.0,235000,51700,183300,charles.lopez@northstar.example,2025-09-04,Competitive,Approved,michael.torres@northstar.example,2025-09-04
DR-7414,CRM-3080,NS-480-EQU,15.0,235000,35250,199750,kelly.floyd@northstar.example,2025-09-06,Competitive,Approved,kelly.floyd@northstar.example,2025-09-06
DR-7415,CRM-3003,NS-130-EQU,8.0,121000,9680,111320,anthony.day@northstar.example,2025-09-07,Competitive,Approved,anthony.day@northstar.example,2025-09-07
DR-7416,CRM-3084,NS-840-EQU,15.0,339000,50850,288150,charles.lopez@northstar.example,2025-09-09,Competitive,Approved,charles.lopez@northstar.example,2025-09-09
DR-7417,CRM-3121,NS-500,5.0,250000,12500,237500,kelly.floyd@northstar.example,2025-09-10,Competitive,Approved,kelly.floyd@northstar.example,2025-09-10
DR-7418,CRM-3017,NS-470-EQU,8.0,219000,17520,201480,rachel.mendez@northstar.example,2025-09-10,Competitive,Approved,rachel.mendez@northstar.example,2025-09-10
DR-7419,CRM-3155,NS-460-SOF,8.0,191000,15280,175720,rachel.mendez@northstar.example,2025-09-10,Competitive,Approved,rachel.mendez@northstar.example,2025-09-10
DR-7420,CRM-3051,NS-230-SOF,10.0,171000,17100,153900,anthony.day@northstar.example,2025-09-11,Competitive,Approved,anthony.day@northstar.example,2025-09-11
DR-7421,CRM-3042,NS-710-SER,22.0,203000,44660,158340,kelly.floyd@northstar.example,2025-09-11,Competitive,Approved,michael.torres@northstar.example,2025-09-11
DR-7422,CRM-3194,NS-930-EQU,8.0,83000,6640,76360,stephanie.wells@northstar.example,2025-09-12,Competitive,Approved,stephanie.wells@northstar.example,2025-09-12
DR-7423,CRM-3174,NS-560-SOF,5.0,56000,2800,53200,zachary.brown@northstar.example,2025-09-12,Competitive,Approved,zachary.brown@northstar.example,2025-09-12
DR-7424,CRM-3015,NS-820-SER,12.0,113000,13560,99440,rachel.mendez@northstar.example,2025-09-12,Competitive,Approved,rachel.mendez@northstar.example,2025-09-12
DR-7425,CRM-3089,NS-420-SOF,5.0,12000,600,11400,stephanie.wells@northstar.example,2025-09-12,Competitive,Approved,stephanie.wells@northstar.example,2025-09-12
DR-7426,CRM-3128,NS-710-EQU,18.0,128000,23040,104960,zachary.brown@northstar.example,2025-09-13,Competitive,Approved,michael.torres@northstar.example,2025-09-13
DR-7427,CRM-3167,NS-150-SOF,18.0,149000,26820,122180,rachel.mendez@northstar.example,2025-09-14,Competitive,Approved,michael.torres@northstar.example,2025-09-14
DR-7428,CRM-3062,NS-830-EQU,12.0,203000,24360,178640,rachel.mendez@northstar.example,2025-09-14,Competitive,Approved,rachel.mendez@northstar.example,2025-09-14
DR-7429,CRM-3100,NS-560-SOF,12.0,56000,6720,49280,charles.lopez@northstar.example,2025-09-15,Competitive,Approved,charles.lopez@northstar.example,2025-09-15
DR-7430,CRM-3122,NS-400-SOF,5.0,23000,1150,21850,zachary.brown@northstar.example,2025-09-15,Competitive,Approved,zachary.brown@northstar.example,2025-09-15
DR-7431,CRM-3036,NS-860-SOF,22.0,173000,38060,134940,kelly.floyd@northstar.example,2025-09-16,Competitive,Approved,michael.torres@northstar.example,2025-09-16
DR-8104,CRM-2048,NS-500,15.0,250000,37500,212500,sarah.chen@northstar.example,2025-09-16,Contract pricing per Acme Master Supply Agreement,Approved,sarah.chen@northstar.example,2025-09-16
DR-7432,CRM-3101,NS-410-SOF,15.0,381000,57150,323850,kelly.floyd@northstar.example,2025-09-17,Competitive,Approved,kelly.floyd@northstar.example,2025-09-17
DR-7433,CRM-3105,NS-410-SOF,5.0,381000,19050,361950,zachary.brown@northstar.example,2025-09-17,Competitive,Approved,zachary.brown@northstar.example,2025-09-17
DR-7434,CRM-3076,NS-830-EQU,12.0,203000,24360,178640,zachary.brown@northstar.example,2025-09-18,Competitive,Approved,zachary.brown@northstar.example,2025-09-18
DR-7435,CRM-3170,NS-230-SOF,8.0,171000,13680,157320,stephanie.wells@northstar.example,2025-09-18,Competitive,Approved,stephanie.wells@northstar.example,2025-09-18
DR-7436,CRM-3119,NS-800-EQU,12.0,136000,16320,119680,rachel.mendez@northstar.example,2025-09-19,Competitive,Approved,rachel.mendez@northstar.example,2025-09-19
DR-7437,CRM-3032,NS-320-SOF,5.0,179000,8950,170050,anthony.day@northstar.example,2025-09-20,Competitive,Approved,anthony.day@northstar.example,2025-09-20
DR-7438,CRM-3088,NS-840-EQU,12.0,339000,40680,298320,anthony.day@northstar.example,2025-09-21,Competitive,Approved,anthony.day@northstar.example,2025-09-21
DR-7439,CRM-3043,NS-710-EQU,8.0,128000,10240,117760,zachary.brown@northstar.example,2025-09-21,Competitive,Approved,zachary.brown@northstar.example,2025-09-21
DR-7440,CRM-3144,NS-130-SER,22.0,241000,53020,187980,kelly.floyd@northstar.example,2025-09-22,Competitive,Approved,michael.torres@northstar.example,2025-09-22
DR-7441,CRM-3135,NS-370-SOF,22.0,169000,37180,131820,kelly.floyd@northstar.example,2025-09-22,Competitive,Approved,michael.torres@northstar.example,2025-09-22
DR-7442,CRM-3075,NS-250-EQU,10.0,279000,27900,251100,zachary.brown@northstar.example,2025-09-22,Competitive,Approved,zachary.brown@northstar.example,2025-09-22
DR-7443,CRM-3153,NS-580-EQU,22.0,47000,10340,36660,anthony.day@northstar.example,2025-09-23,Competitive,Approved,michael.torres@northstar.example,2025-09-23
DR-7444,CRM-3162,NS-420-SOF,22.0,12000,2640,9360,rachel.mendez@northstar.example,2025-09-23,Competitive,Approved,michael.torres@northstar.example,2025-09-23
DR-7445,CRM-3168,NS-490-SER,15.0,230000,34500,195500,charles.lopez@northstar.example,2025-09-23,Competitive,Approved,charles.lopez@northstar.example,2025-09-23
DR-7446,CRM-3159,NS-880-SER,18.0,320000,57600,262400,charles.lopez@northstar.example,2025-09-24,Competitive,Approved,michael.torres@northstar.example,2025-09-24
DR-7447,CRM-3047,NS-350-SER,22.0,190000,41800,148200,rachel.mendez@northstar.example,2025-09-24,Competitive,Approved,michael.torres@northstar.example,2025-09-24
DR-7448,CRM-3113,NS-190-SOF,12.0,182000,21840,160160,kelly.floyd@northstar.example,2025-09-26,Competitive,Approved,kelly.floyd@northstar.example,2025-09-26
DR-7449,CRM-3165,NS-160-SOF,15.0,369000,55350,313650,charles.lopez@northstar.example,2025-09-29,Competitive,Approved,charles.lopez@northstar.example,2025-09-29
DR-7450,CRM-3196,NS-400-SOF,5.0,23000,1150,21850,charles.lopez@northstar.example,2025-09-30,Competitive,Approved,charles.lopez@northstar.example,2025-09-30
DR-7451,CRM-3147,NS-380-SOF,8.0,347000,27760,319240,rachel.mendez@northstar.example,2025-09-30,Competitive,Approved,rachel.mendez@northstar.example,2025-09-30
DR-7452,CRM-3184,NS-740-SER,10.0,171000,17100,153900,rachel.mendez@northstar.example,2025-10-02,Competitive,Approved,rachel.mendez@northstar.example,2025-10-02
DR-7453,CRM-3055,NS-560-SOF,8.0,233000,18640,214360,stephanie.wells@northstar.example,2025-10-02,Competitive,Approved,stephanie.wells@northstar.example,2025-10-02
DR-7454,CRM-3194,NS-420-SOF,10.0,12000,1200,10800,stephanie.wells@northstar.example,2025-10-02,Competitive,Approved,stephanie.wells@northstar.example,2025-10-02
DR-7455,CRM-3074,NS-150-SOF,22.0,149000,32780,116220,michelle.taylor@northstar.example,2025-10-03,Competitive,Approved,michael.torres@northstar.example,2025-10-03
DR-7456,CRM-3015,NS-500-SOF,18.0,372000,66960,305040,rachel.mendez@northstar.example,2025-10-03,Competitive,Approved,michael.torres@northstar.example,2025-10-03
DR-7457,CRM-3069,NS-190-SOF,15.0,182000,27300,154700,zachary.brown@northstar.example,2025-10-04,Competitive,Approved,zachary.brown@northstar.example,2025-10-04
DR-7458,CRM-3078,NS-740-SER,5.0,171000,8550,162450,michelle.taylor@northstar.example,2025-10-05,Competitive,Approved,michelle.taylor@northstar.example,2025-10-05
DR-7459,CRM-3158,NS-460-SOF,22.0,191000,42020,148980,kelly.floyd@northstar.example,2025-10-05,Competitive,Approved,michael.torres@northstar.example,2025-10-05
DR-7460,CRM-3020,NS-470-EQU,12.0,219000,26280,192720,charles.lopez@northstar.example,2025-10-06,Competitive,Approved,charles.lopez@northstar.example,2025-10-06
DR-7461,CRM-3102,NS-250-EQU,5.0,279000,13950,265050,charles.lopez@northstar.example,2025-10-07,Competitive,Approved,charles.lopez@northstar.example,2025-10-07
DR-7462,CRM-3093,NS-250-SOF,12.0,308000,36960,271040,zachary.brown@northstar.example,2025-10-07,Competitive,Approved,zachary.brown@northstar.example,2025-10-07
DR-7463,CRM-3185,NS-780-SER,12.0,198000,23760,174240,stephanie.wells@northstar.example,2025-10-07,Competitive,Approved,stephanie.wells@northstar.example,2025-10-07
DR-7464,CRM-3113,NS-220-SOF,5.0,107000,5350,101650,kelly.floyd@northstar.example,2025-10-07,Competitive,Approved,kelly.floyd@northstar.example,2025-10-07
DR-7465,CRM-3105,NS-650-SOF,18.0,346000,62280,283720,zachary.brown@northstar.example,2025-10-08,Competitive,Approved,michael.torres@northstar.example,2025-10-08
DR-7466,CRM-3016,NS-760-SER,8.0,38000,3040,34960,rachel.mendez@northstar.example,2025-10-08,Competitive,Approved,rachel.mendez@northstar.example,2025-10-08
DR-7467,CRM-3026,NS-260-SER,5.0,140000,7000,133000,michelle.taylor@northstar.example,2025-10-08,Competitive,Approved,michelle.taylor@northstar.example,2025-10-08
DR-7468,CRM-3093,NS-EDGE,18.0,85000,15300,69700,zachary.brown@northstar.example,2025-10-09,Competitive,Approved,michael.torres@northstar.example,2025-10-09
DR-7469,CRM-3191,NS-860-SOF,5.0,173000,8650,164350,stephanie.wells@northstar.example,2025-10-09,Competitive,Approved,stephanie.wells@northstar.example,2025-10-09
DR-7470,CRM-3052,NS-460-SOF,15.0,191000,28650,162350,rachel.mendez@northstar.example,2025-10-09,Competitive,Approved,rachel.mendez@northstar.example,2025-10-09
DR-7471,CRM-3009,NS-650-SOF,18.0,346000,62280,283720,anthony.day@northstar.example,2025-10-09,Competitive,Approved,michael.torres@northstar.example,2025-10-09
DR-7472,CRM-3112,NS-710-SOF,22.0,62000,13640,48360,stephanie.wells@northstar.example,2025-10-10,Competitive,Approved,michael.torres@northstar.example,2025-10-10
DR-7473,CRM-3072,NS-550-SER,22.0,338000,74360,263640,stephanie.wells@northstar.example,2025-10-10,Competitive,Approved,michael.torres@northstar.example,2025-10-10
DR-7474,CRM-3071,NS-610-SOF,22.0,126000,27720,98280,zachary.brown@northstar.example,2025-10-10,Competitive,Approved,michael.torres@northstar.example,2025-10-10
DR-7475,CRM-3012,NS-500-EQU,22.0,326000,71720,254280,zachary.brown@northstar.example,2025-10-11,Competitive,Approved,michael.torres@northstar.example,2025-10-11
DR-7476,CRM-3147,NS-500-EQU,8.0,326000,26080,299920,rachel.mendez@northstar.example,2025-10-11,Competitive,Approved,rachel.mendez@northstar.example,2025-10-11
DR-7477,CRM-3089,NS-710-EQU,18.0,128000,23040,104960,stephanie.wells@northstar.example,2025-10-12,Competitive,Approved,michael.torres@northstar.example,2025-10-12
DR-7478,CRM-3023,NS-160-SOF,15.0,369000,55350,313650,rachel.mendez@northstar.example,2025-10-12,Competitive,Approved,rachel.mendez@northstar.example,2025-10-12
DR-7479,CRM-3149,NS-560-SOF,12.0,56000,6720,49280,kelly.floyd@northstar.example,2025-10-13,Competitive,Approved,kelly.floyd@northstar.example,2025-10-13
DR-7480,CRM-3183,NS-870-SOF,22.0,293000,64460,228540,anthony.day@northstar.example,2025-10-13,Competitive,Approved,michael.torres@northstar.example,2025-10-13
DR-7481,CRM-3025,NS-840-EQU,18.0,339000,61020,277980,charles.lopez@northstar.example,2025-10-14,Competitive,Approved,michael.torres@northstar.example,2025-10-14
DR-7482,CRM-3094,NS-840-SER,22.0,93000,20460,72540,rachel.mendez@northstar.example,2025-10-14,Competitive,Approved,michael.torres@northstar.example,2025-10-14
DR-7483,CRM-3032,NS-930-EQU,22.0,83000,18260,64740,anthony.day@northstar.example,2025-10-14,Competitive,Approved,michael.torres@northstar.example,2025-10-14
DR-7484,CRM-3016,NS-830-EQU,15.0,203000,30450,172550,rachel.mendez@northstar.example,2025-10-15,Competitive,Approved,rachel.mendez@northstar.example,2025-10-15
DR-7485,CRM-3054,NS-560-SOF,12.0,56000,6720,49280,zachary.brown@northstar.example,2025-10-18,Competitive,Approved,zachary.brown@northstar.example,2025-10-18
DR-7486,CRM-3117,NS-950-SOF,5.0,116000,5800,110200,anthony.day@northstar.example,2025-10-19,Competitive,Approved,anthony.day@northstar.example,2025-10-19
DR-7487,CRM-3113,NS-640-SER,22.0,348000,76560,271440,kelly.floyd@northstar.example,2025-10-21,Competitive,Approved,michael.torres@northstar.example,2025-10-21
DR-7488,CRM-3196,NS-420-SOF,12.0,12000,1440,10560,charles.lopez@northstar.example,2025-10-22,Competitive,Approved,charles.lopez@northstar.example,2025-10-22
DR-7489,CRM-3194,NS-330-SOF,8.0,38000,3040,34960,stephanie.wells@northstar.example,2025-10-22,Competitive,Approved,stephanie.wells@northstar.example,2025-10-22
DR-7490,CRM-3185,NS-480-EQU,8.0,235000,18800,216200,stephanie.wells@northstar.example,2025-10-23,Competitive,Approved,stephanie.wells@northstar.example,2025-10-23
DR-7491,CRM-3115,NS-390-SOF,18.0,96000,17280,78720,zachary.brown@northstar.example,2025-10-24,Competitive,Approved,michael.torres@northstar.example,2025-10-24
DR-7492,CRM-3132,NS-740-EQU,5.0,276000,13800,262200,stephanie.wells@northstar.example,2025-10-24,Competitive,Approved,stephanie.wells@northstar.example,2025-10-24
DR-7493,CRM-3048,NS-870-SOF,18.0,293000,52740,240260,charles.lopez@northstar.example,2025-10-25,Competitive,Approved,michael.torres@northstar.example,2025-10-25
DR-7494,CRM-3050,NS-160-SOF,10.0,369000,36900,332100,anthony.day@northstar.example,2025-10-25,Competitive,Approved,anthony.day@northstar.example,2025-10-25
DR-7495,CRM-3158,NS-510-SOF,5.0,327000,16350,310650,kelly.floyd@northstar.example,2025-10-26,Competitive,Approved,kelly.floyd@northstar.example,2025-10-26
DR-7496,CRM-3034,NS-380-EQU,8.0,400000,32000,368000,anthony.day@northstar.example,2025-10-26,Competitive,Approved,anthony.day@northstar.example,2025-10-26
DR-7497,CRM-3162,NS-800-EQU,15.0,136000,20400,115600,rachel.mendez@northstar.example,2025-10-27,Competitive,Approved,rachel.mendez@northstar.example,2025-10-27
DR-7498,CRM-3156,NS-740-EQU,10.0,276000,27600,248400,kelly.floyd@northstar.example,2025-10-27,Competitive,Approved,kelly.floyd@northstar.example,2025-10-27
DR-7499,CRM-3131,NS-400-SOF,18.0,23000,4140,18860,kelly.floyd@northstar.example,2025-10-28,Competitive,Approved,michael.torres@northstar.example,2025-10-28
DR-7500,CRM-3052,NS-840-EQU,8.0,339000,27120,311880,rachel.mendez@northstar.example,2025-10-29,Competitive,Approved,rachel.mendez@northstar.example,2025-10-29
DR-7501,CRM-3192,NS-690-SER,5.0,22000,1100,20900,rachel.mendez@northstar.example,2025-10-29,Competitive,Approved,rachel.mendez@northstar.example,2025-10-29
DR-7502,CRM-3088,NS-220-SOF,5.0,107000,5350,101650,anthony.day@northstar.example,2025-10-29,Competitive,Approved,anthony.day@northstar.example,2025-10-29
DR-7503,CRM-3046,NS-640-SER,18.0,348000,62640,285360,rachel.mendez@northstar.example,2025-10-29,Competitive,Approved,michael.torres@northstar.example,2025-10-29
DR-7504,CRM-3058,NS-620-SER,10.0,33000,3300,29700,anthony.day@northstar.example,2025-10-29,Competitive,Approved,anthony.day@northstar.example,2025-10-29
DR-7505,CRM-3126,NS-480-EQU,22.0,235000,51700,183300,kelly.floyd@northstar.example,2025-10-30,Competitive,Approved,michael.torres@northstar.example,2025-10-30
DR-7506,CRM-3198,NS-490-SOF,15.0,190000,28500,161500,stephanie.wells@northstar.example,2025-10-30,Competitive,Approved,stephanie.wells@northstar.example,2025-10-30
DR-7507,CRM-3165,NS-330-SOF,5.0,38000,1900,36100,charles.lopez@northstar.example,2025-10-31,Competitive,Approved,charles.lopez@northstar.example,2025-10-31
DR-7508,CRM-3199,NS-740-SER,8.0,171000,13680,157320,michelle.taylor@northstar.example,2025-10-31,Competitive,Approved,michelle.taylor@northstar.example,2025-10-31
DR-7509,CRM-3095,NS-710-EQU,8.0,128000,10240,117760,zachary.brown@northstar.example,2025-11-01,Competitive,Approved,zachary.brown@northstar.example,2025-11-01
DR-7510,CRM-3028,NS-390-SOF,5.0,96000,4800,91200,kelly.floyd@northstar.example,2025-11-02,Competitive,Approved,kelly.floyd@northstar.example,2025-11-02
DR-7511,CRM-3097,NS-500-SOF,5.0,372000,18600,353400,charles.lopez@northstar.example,2025-11-03,Competitive,Approved,charles.lopez@northstar.example,2025-11-03
DR-7512,CRM-3171,NS-510-SOF,18.0,327000,58860,268140,anthony.day@northstar.example,2025-11-04,Competitive,Approved,michael.torres@northstar.example,2025-11-04
DR-7513,CRM-3063,NS-190-SOF,18.0,182000,32760,149240,kelly.floyd@northstar.example,2025-11-06,Competitive,Approved,michael.torres@northstar.example,2025-11-06
DR-7514,CRM-3194,NS-740-SER,5.0,171000,8550,162450,stephanie.wells@northstar.example,2025-11-06,Competitive,Approved,stephanie.wells@northstar.example,2025-11-06
DR-7515,CRM-3016,NS-250-EQU,22.0,279000,61380,217620,rachel.mendez@northstar.example,2025-11-07,Competitive,Approved,michael.torres@northstar.example,2025-11-07
DR-7516,CRM-3182,NS-650-SOF,5.0,346000,17300,328700,rachel.mendez@northstar.example,2025-11-07,Competitive,Approved,rachel.mendez@northstar.example,2025-11-07
DR-7517,CRM-3092,NS-750-SOF,5.0,77000,3850,73150,anthony.day@northstar.example,2025-11-07,Competitive,Approved,anthony.day@northstar.example,2025-11-07
DR-7518,CRM-3072,NS-820-SER,12.0,113000,13560,99440,stephanie.wells@northstar.example,2025-11-07,Competitive,Approved,stephanie.wells@northstar.example,2025-11-07
DR-7519,CRM-3119,NS-740-SER,12.0,171000,20520,150480,rachel.mendez@northstar.example,2025-11-07,Competitive,Approved,rachel.mendez@northstar.example,2025-11-07
DR-7520,CRM-3181,NS-890-EQU,5.0,236000,11800,224200,stephanie.wells@northstar.example,2025-11-08,Competitive,Approved,stephanie.wells@northstar.example,2025-11-08
DR-7521,CRM-3075,NS-540-EQU,15.0,211000,31650,179350,zachary.brown@northstar.example,2025-11-09,Competitive,Approved,zachary.brown@northstar.example,2025-11-09
DR-7522,CRM-3022,NS-170-SOF,10.0,42000,4200,37800,charles.lopez@northstar.example,2025-11-09,Competitive,Approved,charles.lopez@northstar.example,2025-11-09
DR-7523,CRM-3060,NS-730-EQU,15.0,69000,10350,58650,michelle.taylor@northstar.example,2025-11-09,Competitive,Approved,michelle.taylor@northstar.example,2025-11-09
DR-7524,CRM-3006,NS-690-SER,5.0,22000,1100,20900,charles.lopez@northstar.example,2025-11-09,Competitive,Approved,charles.lopez@northstar.example,2025-11-09
DR-7525,CRM-3023,NS-190-SOF,12.0,182000,21840,160160,rachel.mendez@northstar.example,2025-11-10,Competitive,Approved,rachel.mendez@northstar.example,2025-11-10
DR-7526,CRM-3174,NS-760-EQU,15.0,208000,31200,176800,zachary.brown@northstar.example,2025-11-11,Competitive,Approved,zachary.brown@northstar.example,2025-11-11
DR-7527,CRM-3035,NS-930-EQU,12.0,83000,9960,73040,stephanie.wells@northstar.example,2025-11-11,Competitive,Approved,stephanie.wells@northstar.example,2025-11-11
DR-7528,CRM-3124,NS-380-SOF,15.0,347000,52050,294950,rachel.mendez@northstar.example,2025-11-13,Competitive,Approved,rachel.mendez@northstar.example,2025-11-13
DR-7529,CRM-3164,NS-870-SOF,12.0,293000,35160,257840,stephanie.wells@northstar.example,2025-11-13,Competitive,Approved,stephanie.wells@northstar.example,2025-11-13
DR-7530,CRM-3042,NS-140-EQU,10.0,121000,12100,108900,kelly.floyd@northstar.example,2025-11-14,Competitive,Approved,kelly.floyd@northstar.example,2025-11-14
DR-7531,CRM-3172,NS-330-SOF,5.0,38000,1900,36100,zachary.brown@northstar.example,2025-11-14,Competitive,Approved,zachary.brown@northstar.example,2025-11-14
DR-7532,CRM-3181,NS-610-SOF,12.0,126000,15120,110880,stephanie.wells@northstar.example,2025-11-15,Competitive,Approved,stephanie.wells@northstar.example,2025-11-15
DR-7533,CRM-3178,NS-490-SER,5.0,230000,11500,218500,kelly.floyd@northstar.example,2025-11-15,Competitive,Approved,kelly.floyd@northstar.example,2025-11-15
DR-7534,CRM-3088,NS-840-EQU,5.0,339000,16950,322050,anthony.day@northstar.example,2025-11-16,Competitive,Approved,anthony.day@northstar.example,2025-11-16
DR-7535,CRM-3019,NS-870-SOF,10.0,293000,29300,263700,kelly.floyd@northstar.example,2025-11-17,Competitive,Approved,kelly.floyd@northstar.example,2025-11-17
DR-7536,CRM-3070,NS-950-SOF,10.0,116000,11600,104400,stephanie.wells@northstar.example,2025-11-18,Competitive,Approved,stephanie.wells@northstar.example,2025-11-18
DR-7537,CRM-3087,NS-580-EQU,5.0,47000,2350,44650,rachel.mendez@northstar.example,2025-11-18,Competitive,Approved,rachel.mendez@northstar.example,2025-11-18
DR-7538,CRM-3002,NS-800-EQU,15.0,136000,20400,115600,michelle.taylor@northstar.example,2025-11-19,Competitive,Approved,michelle.taylor@northstar.example,2025-11-19
DR-7539,CRM-3088,NS-490-SOF,8.0,190000,15200,174800,anthony.day@northstar.example,2025-11-20,Competitive,Approved,anthony.day@northstar.example,2025-11-20
DR-7540,CRM-3159,NS-330-SOF,5.0,38000,1900,36100,charles.lopez@northstar.example,2025-11-21,Competitive,Approved,charles.lopez@northstar.example,2025-11-21
DR-7541,CRM-3031,NS-740-EQU,5.0,276000,13800,262200,charles.lopez@northstar.example,2025-11-23,Competitive,Approved,charles.lopez@northstar.example,2025-11-23
DR-7542,CRM-3089,NS-710-SER,8.0,203000,16240,186760,stephanie.wells@northstar.example,2025-11-23,Competitive,Approved,stephanie.wells@northstar.example,2025-11-23
DR-7543,CRM-3139,NS-140-EQU,15.0,121000,18150,102850,anthony.day@northstar.example,2025-11-23,Competitive,Approved,anthony.day@northstar.example,2025-11-23
DR-7544,CRM-3096,NS-760-EQU,8.0,208000,16640,191360,charles.lopez@northstar.example,2025-11-24,Competitive,Approved,charles.lopez@northstar.example,2025-11-24
DR-7545,CRM-3114,NS-410-SOF,8.0,381000,30480,350520,charles.lopez@northstar.example,2025-11-24,Competitive,Approved,charles.lopez@northstar.example,2025-11-24
DR-7546,CRM-3197,NS-490-SER,12.0,230000,27600,202400,anthony.day@northstar.example,2025-11-25,Competitive,Approved,anthony.day@northstar.example,2025-11-25
DR-7547,CRM-3098,NS-390-SOF,5.0,96000,4800,91200,charles.lopez@northstar.example,2025-11-26,Competitive,Approved,charles.lopez@northstar.example,2025-11-26
DR-7548,CRM-3079,NS-400-SOF,12.0,23000,2760,20240,stephanie.wells@northstar.example,2025-11-28,Competitive,Approved,stephanie.wells@northstar.example,2025-11-28
DR-7549,CRM-3027,NS-640-SER,22.0,348000,76560,271440,stephanie.wells@northstar.example,2025-11-28,Competitive,Approved,michael.torres@northstar.example,2025-11-28
DR-7550,CRM-3027,NS-350-SER,22.0,190000,41800,148200,stephanie.wells@northstar.example,2025-11-28,Competitive,Approved,michael.torres@northstar.example,2025-11-28
DR-7551,CRM-3106,NS-580-EQU,10.0,47000,4700,42300,anthony.day@northstar.example,2025-11-29,Competitive,Approved,anthony.day@northstar.example,2025-11-29
DR-7552,CRM-3115,NS-930-SOF,18.0,175000,31500,143500,zachary.brown@northstar.example,2025-11-30,Competitive,Approved,michael.torres@northstar.example,2025-11-30
DR-7553,CRM-2051,NS-710-SOF,5.0,62000,3100,58900,kelly.floyd@northstar.example,2025-11-30,Competitive,Approved,kelly.floyd@northstar.example,2025-11-30
DR-7554,CRM-3109,NS-750-SOF,8.0,77000,6160,70840,michelle.taylor@northstar.example,2025-11-30,Competitive,Approved,michelle.taylor@northstar.example,2025-11-30
DR-7555,CRM-3089,NS-220-SOF,12.0,5000,600,4400,stephanie.wells@northstar.example,2025-11-30,Competitive,Approved,stephanie.wells@northstar.example,2025-11-30
DR-7556,CRM-3116,NS-220-SOF,8.0,107000,8560,98440,charles.lopez@northstar.example,2025-12-01,Competitive,Approved,charles.lopez@northstar.example,2025-12-01
DR-7557,CRM-3064,NS-160-EQU,10.0,163000,16300,146700,stephanie.wells@northstar.example,2025-12-01,Competitive,Approved,stephanie.wells@northstar.example,2025-12-01
DR-7558,CRM-3094,NS-540-EQU,22.0,211000,46420,164580,rachel.mendez@northstar.example,2025-12-02,Competitive,Approved,michael.torres@northstar.example,2025-12-02
DR-7559,CRM-3185,NS-500,5.0,250000,12500,237500,stephanie.wells@northstar.example,2025-12-03,Competitive,Approved,stephanie.wells@northstar.example,2025-12-03
DR-7560,CRM-2091,NS-150-SOF,5.0,149000,7450,141550,zachary.brown@northstar.example,2025-12-03,Competitive,Approved,zachary.brown@northstar.example,2025-12-03
DR-7561,CRM-3018,NS-930-SOF,8.0,175000,14000,161000,kelly.floyd@northstar.example,2025-12-04,Competitive,Approved,kelly.floyd@northstar.example,2025-12-04
DR-7562,CRM-3106,NS-550-SER,5.0,338000,16900,321100,anthony.day@northstar.example,2025-12-05,Competitive,Approved,anthony.day@northstar.example,2025-12-05
DR-7563,CRM-3097,NS-350-SER,5.0,190000,9500,180500,charles.lopez@northstar.example,2025-12-05,Competitive,Approved,charles.lopez@northstar.example,2025-12-05
DR-7564,CRM-3176,NS-930-EQU,10.0,83000,8300,74700,kelly.floyd@northstar.example,2025-12-05,Competitive,Approved,kelly.floyd@northstar.example,2025-12-05
DR-7565,CRM-3123,NS-740-SER,5.0,171000,8550,162450,stephanie.wells@northstar.example,2025-12-08,Competitive,Approved,stephanie.wells@northstar.example,2025-12-08
DR-7566,CRM-3165,NS-860-EQU,15.0,17000,2550,14450,charles.lopez@northstar.example,2025-12-08,Competitive,Approved,charles.lopez@northstar.example,2025-12-08
DR-7567,CRM-3178,NS-860-SOF,12.0,173000,20760,152240,kelly.floyd@northstar.example,2025-12-08,Competitive,Approved,kelly.floyd@northstar.example,2025-12-08
DR-7568,CRM-3165,NS-490-SER,5.0,230000,11500,218500,charles.lopez@northstar.example,2025-12-09,Competitive,Approved,charles.lopez@northstar.example,2025-12-09
DR-7569,CRM-3200,NS-610-SOF,12.0,126000,15120,110880,rachel.mendez@northstar.example,2025-12-09,Competitive,Approved,rachel.mendez@northstar.example,2025-12-09
DR-7570,CRM-3098,NS-740-SER,12.0,171000,20520,150480,charles.lopez@northstar.example,2025-12-10,Competitive,Approved,charles.lopez@northstar.example,2025-12-10
DR-7571,CRM-3080,NS-250-EQU,12.0,279000,33480,245520,kelly.floyd@northstar.example,2025-12-11,Competitive,Approved,kelly.floyd@northstar.example,2025-12-11
DR-7572,CRM-3180,NS-740-EQU,10.0,276000,27600,248400,michelle.taylor@northstar.example,2025-12-11,Competitive,Approved,michelle.taylor@northstar.example,2025-12-11
DR-7573,CRM-3195,NS-610-SER,22.0,282000,62040,219960,charles.lopez@northstar.example,2025-12-11,Competitive,Approved,michael.torres@northstar.example,2025-12-11
DR-7574,CRM-3195,NS-970-EQU,15.0,24000,3600,20400,charles.lopez@northstar.example,2025-12-12,Competitive,Approved,charles.lopez@northstar.example,2025-12-12
DR-7575,CRM-3174,NS-500-EQU,15.0,326000,48900,277100,zachary.brown@northstar.example,2025-12-14,Competitive,Approved,zachary.brown@northstar.example,2025-12-14
DR-7576,CRM-3081,NS-190-SOF,15.0,182000,27300,154700,rachel.mendez@northstar.example,2025-12-14,Competitive,Approved,rachel.mendez@northstar.example,2025-12-14
DR-7577,CRM-3117,NS-750-SOF,22.0,77000,16940,60060,anthony.day@northstar.example,2025-12-15,Competitive,Approved,michael.torres@northstar.example,2025-12-15
DR-7578,CRM-3132,NS-420-SOF,10.0,12000,1200,10800,stephanie.wells@northstar.example,2025-12-15,Competitive,Approved,stephanie.wells@northstar.example,2025-12-15
DR-7579,CRM-3124,NS-130-SER,18.0,241000,43380,197620,rachel.mendez@northstar.example,2025-12-15,Competitive,Approved,michael.torres@northstar.example,2025-12-15
DR-7580,CRM-3005,NS-130-SER,12.0,241000,28920,212080,charles.lopez@northstar.example,2025-12-17,Competitive,Approved,charles.lopez@northstar.example,2025-12-17
DR-7581,CRM-3066,NS-710-EQU,12.0,128000,15360,112640,anthony.day@northstar.example,2025-12-17,Competitive,Approved,anthony.day@northstar.example,2025-12-17
DR-7582,CRM-3063,NS-170-EQU,18.0,25000,4500,20500,kelly.floyd@northstar.example,2025-12-18,Competitive,Approved,michael.torres@northstar.example,2025-12-18
DR-7583,CRM-3182,NS-800-EQU,18.0,136000,24480,111520,rachel.mendez@northstar.example,2025-12-18,Competitive,Approved,michael.torres@northstar.example,2025-12-18
DR-7584,CRM-3010,NS-540-EQU,10.0,211000,21100,189900,anthony.day@northstar.example,2025-12-18,Competitive,Approved,anthony.day@northstar.example,2025-12-18
DR-7585,CRM-3039,NS-150-SOF,10.0,149000,14900,134100,zachary.brown@northstar.example,2025-12-20,Competitive,Approved,zachary.brown@northstar.example,2025-12-20
DR-7586,CRM-3118,NS-500-SOF,12.0,372000,44640,327360,kelly.floyd@northstar.example,2025-12-20,Competitive,Approved,kelly.floyd@northstar.example,2025-12-20
DR-7587,CRM-3166,NS-930-SOF,22.0,175000,38500,136500,kelly.floyd@northstar.example,2025-12-21,Competitive,Approved,michael.torres@northstar.example,2025-12-21
DR-7588,CRM-3190,NS-380-EQU,5.0,400000,20000,380000,charles.lopez@northstar.example,2025-12-22,Competitive,Approved,charles.lopez@northstar.example,2025-12-22
DR-7589,CRM-3013,NS-130-EQU,8.0,121000,9680,111320,michelle.taylor@northstar.example,2025-12-22,Competitive,Approved,michelle.taylor@northstar.example,2025-12-22
DR-7590,CRM-3139,NS-550-SER,12.0,338000,40560,297440,anthony.day@northstar.example,2025-12-23,Competitive,Approved,anthony.day@northstar.example,2025-12-23
DR-7591,CRM-3006,NS-890-EQU,22.0,236000,51920,184080,charles.lopez@northstar.example,2025-12-24,Competitive,Approved,michael.torres@northstar.example,2025-12-24
DR-7592,CRM-3067,NS-730-EQU,8.0,69000,5520,63480,stephanie.wells@northstar.example,2025-12-24,Competitive,Approved,stephanie.wells@northstar.example,2025-12-24
DR-7593,CRM-3053,NS-410-SOF,18.0,381000,68580,312420,rachel.mendez@northstar.example,2025-12-26,Competitive,Approved,michael.torres@northstar.example,2025-12-26
DR-7594,CRM-2063,NS-860-EQU,8.0,17000,1360,15640,anthony.day@northstar.example,2025-12-26,Competitive,Approved,anthony.day@northstar.example,2025-12-26
DR-7595,CRM-3013,NS-580-EQU,15.0,47000,7050,39950,michelle.taylor@northstar.example,2025-12-27,Competitive,Approved,michelle.taylor@northstar.example,2025-12-27
DR-7596,CRM-3175,NS-880-SER,18.0,320000,57600,262400,charles.lopez@northstar.example,2025-12-27,Competitive,Approved,michael.torres@northstar.example,2025-12-27
DR-7597,CRM-3025,NS-480-EQU,8.0,235000,18800,216200,charles.lopez@northstar.example,2025-12-27,Competitive,Approved,charles.lopez@northstar.example,2025-12-27
DR-7598,CRM-3120,NS-690-SER,18.0,22000,3960,18040,rachel.mendez@northstar.example,2025-12-31,Competitive,Approved,michael.torres@northstar.example,2025-12-31
DR-7599,CRM-3105,NS-820-SER,10.0,113000,11300,101700,zachary.brown@northstar.example,2026-01-04,Competitive,Approved,zachary.brown@northstar.example,2026-01-04
DR-7600,CRM-3084,NS-710-SOF,15.0,62000,9300,52700,charles.lopez@northstar.example,2026-01-04,Competitive,Approved,michael.torres@northstar.example,2026-01-04
DR-7601,CRM-3199,NS-500-EQU,15.0,326000,48900,277100,michelle.taylor@northstar.example,2026-01-05,Competitive,Approved,michael.torres@northstar.example,2026-01-05
DR-7602,CRM-3075,NS-170-EQU,8.0,337000,26960,310040,zachary.brown@northstar.example,2026-01-05,Competitive,Approved,zachary.brown@northstar.example,2026-01-05
DR-7603,CRM-3099,NS-250-EQU,18.0,279000,50220,228780,kelly.floyd@northstar.example,2026-01-06,Competitive,Approved,michael.torres@northstar.example,2026-01-06
DR-7604,CRM-3076,NS-390-SOF,18.0,96000,17280,78720,zachary.brown@northstar.example,2026-01-07,Competitive,Approved,michael.torres@northstar.example,2026-01-07
DR-7605,CRM-3161,NS-740-EQU,22.0,276000,60720,215280,stephanie.wells@northstar.example,2026-01-08,Competitive,Approved,david.morgan@northstar.example,2026-01-08
DR-7606,CRM-3199,NS-740-SER,15.0,171000,25650,145350,michelle.taylor@northstar.example,2026-01-09,Competitive,Approved,michael.torres@northstar.example,2026-01-09
DR-7607,CRM-3153,NS-160-EQU,10.0,163000,16300,146700,anthony.day@northstar.example,2026-01-09,Competitive,Approved,anthony.day@northstar.example,2026-01-09
DR-7608,CRM-3021,NS-670-SER,10.0,258000,25800,232200,charles.lopez@northstar.example,2026-01-09,Competitive,Approved,charles.lopez@northstar.example,2026-01-09
DR-7609,CRM-3186,NS-170-SOF,8.0,352000,28160,323840,kelly.floyd@northstar.example,2026-01-10,Competitive,Approved,kelly.floyd@northstar.example,2026-01-10
DR-7610,CRM-3057,NS-420-SOF,5.0,12000,600,11400,zachary.brown@northstar.example,2026-01-10,Competitive,Approved,zachary.brown@northstar.example,2026-01-10
DR-7611,CRM-3096,NS-490-SOF,22.0,190000,41800,148200,charles.lopez@northstar.example,2026-01-11,Competitive,Approved,david.morgan@northstar.example,2026-01-11
DR-7612,CRM-3017,NS-420-SOF,10.0,12000,1200,10800,rachel.mendez@northstar.example,2026-01-11,Competitive,Approved,rachel.mendez@northstar.example,2026-01-11
DR-7613,CRM-3087,NS-870-SOF,5.0,293000,14650,278350,rachel.mendez@northstar.example,2026-01-12,Competitive,Approved,rachel.mendez@northstar.example,2026-01-12
DR-7614,CRM-3193,NS-EDGE,22.0,85000,18700,66300,anthony.day@northstar.example,2026-01-13,Competitive,Approved,david.morgan@northstar.example,2026-01-13
DR-7615,CRM-3170,NS-EDGE,18.0,85000,15300,69700,stephanie.wells@northstar.example,2026-01-13,Competitive,Approved,michael.torres@northstar.example,2026-01-13
DR-7616,CRM-3189,NS-390-SOF,5.0,96000,4800,91200,charles.lopez@northstar.example,2026-01-13,Competitive,Approved,charles.lopez@northstar.example,2026-01-13
DR-7617,CRM-3154,NS-670-SER,10.0,258000,25800,232200,charles.lopez@northstar.example,2026-01-15,Competitive,Approved,charles.lopez@northstar.example,2026-01-15
DR-7618,CRM-3083,NS-380-SOF,15.0,347000,52050,294950,kelly.floyd@northstar.example,2026-01-15,Competitive,Approved,michael.torres@northstar.example,2026-01-15
DR-7619,CRM-3044,NS-370-SOF,15.0,169000,25350,143650,charles.lopez@northstar.example,2026-01-16,Competitive,Approved,michael.torres@northstar.example,2026-01-16
DR-7620,CRM-3166,NS-490-EQU,10.0,37000,3700,33300,kelly.floyd@northstar.example,2026-01-16,Competitive,Approved,kelly.floyd@northstar.example,2026-01-16
DR-7621,CRM-3049,NS-420-SOF,12.0,12000,1440,10560,michelle.taylor@northstar.example,2026-01-16,Competitive,Approved,michael.torres@northstar.example,2026-01-16
DR-7622,CRM-3025,NS-170-EQU,10.0,337000,33700,303300,charles.lopez@northstar.example,2026-01-16,Competitive,Approved,charles.lopez@northstar.example,2026-01-16
DR-7623,CRM-3060,NS-710-EQU,12.0,128000,15360,112640,michelle.taylor@northstar.example,2026-01-16,Competitive,Approved,michael.torres@northstar.example,2026-01-16
DR-7624,CRM-3162,NS-480-EQU,10.0,235000,23500,211500,rachel.mendez@northstar.example,2026-01-17,Competitive,Approved,rachel.mendez@northstar.example,2026-01-17
DR-7625,CRM-3138,NS-490-SER,10.0,230000,23000,207000,zachary.brown@northstar.example,2026-01-17,Competitive,Approved,zachary.brown@northstar.example,2026-01-17
DR-7626,CRM-3057,NS-710-SOF,18.0,62000,11160,50840,zachary.brown@northstar.example,2026-01-17,Competitive,Approved,michael.torres@northstar.example,2026-01-17
DR-7627,CRM-3131,NS-220-SOF,15.0,107000,16050,90950,kelly.floyd@northstar.example,2026-01-17,Competitive,Approved,michael.torres@northstar.example,2026-01-17
DR-7628,CRM-3039,NS-490-SOF,18.0,190000,34200,155800,zachary.brown@northstar.example,2026-01-18,Competitive,Approved,michael.torres@northstar.example,2026-01-18
DR-7629,CRM-3116,NS-540-EQU,15.0,211000,31650,179350,charles.lopez@northstar.example,2026-01-20,Competitive,Approved,michael.torres@northstar.example,2026-01-20
DR-7630,CRM-3079,NS-740-SER,22.0,171000,37620,133380,stephanie.wells@northstar.example,2026-01-21,Competitive,Approved,david.morgan@northstar.example,2026-01-21
DR-7631,CRM-3172,NS-760-SER,5.0,38000,1900,36100,zachary.brown@northstar.example,2026-01-22,Competitive,Approved,zachary.brown@northstar.example,2026-01-22
DR-7632,CRM-3042,NS-670-SER,12.0,258000,30960,227040,kelly.floyd@northstar.example,2026-01-22,Competitive,Approved,michael.torres@northstar.example,2026-01-22
DR-7633,CRM-3069,NS-510-SOF,10.0,327000,32700,294300,zachary.brown@northstar.example,2026-01-24,Competitive,Approved,zachary.brown@northstar.example,2026-01-24
DR-7634,CRM-3015,NS-400-EQU,15.0,9000,1350,7650,rachel.mendez@northstar.example,2026-01-25,Competitive,Approved,michael.torres@northstar.example,2026-01-25
DR-7635,CRM-3141,NS-380-EQU,12.0,400000,48000,352000,anthony.day@northstar.example,2026-01-26,Competitive,Approved,michael.torres@northstar.example,2026-01-26
DR-7636,CRM-3007,NS-500-EQU,15.0,326000,48900,277100,charles.lopez@northstar.example,2026-01-26,Competitive,Approved,michael.torres@northstar.example,2026-01-26
DR-7637,CRM-3144,NS-170-EQU,5.0,25000,1250,23750,kelly.floyd@northstar.example,2026-01-27,Competitive,Approved,kelly.floyd@northstar.example,2026-01-27
DR-7638,CRM-3174,NS-610-SER,10.0,282000,28200,253800,zachary.brown@northstar.example,2026-01-27,Competitive,Approved,zachary.brown@northstar.example,2026-01-27
DR-7639,CRM-3174,NS-890-EQU,5.0,236000,11800,224200,zachary.brown@northstar.example,2026-01-29,Competitive,Approved,zachary.brown@northstar.example,2026-01-29
DR-7640,CRM-3148,NS-670-SER,18.0,258000,46440,211560,kelly.floyd@northstar.example,2026-01-30,Competitive,Approved,michael.torres@northstar.example,2026-01-30
DR-7641,CRM-3034,NS-830-EQU,10.0,203000,20300,182700,anthony.day@northstar.example,2026-01-31,Competitive,Approved,anthony.day@northstar.example,2026-01-31
DR-7642,CRM-3028,NS-750-SOF,5.0,77000,3850,73150,kelly.floyd@northstar.example,2026-01-31,Competitive,Approved,kelly.floyd@northstar.example,2026-01-31
DR-7643,CRM-3192,NS-650-SOF,12.0,346000,41520,304480,rachel.mendez@northstar.example,2026-02-01,Competitive,Approved,michael.torres@northstar.example,2026-02-01
DR-7644,CRM-3101,NS-500,22.0,250000,55000,195000,kelly.floyd@northstar.example,2026-02-01,Competitive,Approved,david.morgan@northstar.example,2026-02-01
DR-7645,CRM-3084,NS-540-EQU,22.0,211000,46420,164580,charles.lopez@northstar.example,2026-02-02,Competitive,Approved,david.morgan@northstar.example,2026-02-02
DR-7646,CRM-3029,NS-830-EQU,10.0,203000,20300,182700,charles.lopez@northstar.example,2026-02-03,Competitive,Approved,charles.lopez@northstar.example,2026-02-03
DR-7647,CRM-3164,NS-690-SER,5.0,22000,1100,20900,stephanie.wells@northstar.example,2026-02-03,Competitive,Approved,stephanie.wells@northstar.example,2026-02-03
DR-7648,CRM-3130,NS-330-SOF,8.0,38000,3040,34960,michelle.taylor@northstar.example,2026-02-04,Competitive,Approved,michelle.taylor@northstar.example,2026-02-04
DR-7649,CRM-3155,NS-250-SOF,8.0,308000,24640,283360,rachel.mendez@northstar.example,2026-02-04,Competitive,Approved,rachel.mendez@northstar.example,2026-02-04
DR-7650,CRM-3102,NS-400-EQU,15.0,338000,50700,287300,charles.lopez@northstar.example,2026-02-04,Competitive,Approved,michael.torres@northstar.example,2026-02-04
DR-7651,CRM-2051,NS-740-SER,10.0,171000,17100,153900,kelly.floyd@northstar.example,2026-02-05,Competitive,Approved,kelly.floyd@northstar.example,2026-02-05
DR-7652,CRM-3105,NS-380-EQU,12.0,400000,48000,352000,zachary.brown@northstar.example,2026-02-05,Competitive,Approved,michael.torres@northstar.example,2026-02-05
DR-7653,CRM-3141,NS-540-EQU,10.0,211000,21100,189900,anthony.day@northstar.example,2026-02-06,Competitive,Approved,anthony.day@northstar.example,2026-02-06
DR-7654,CRM-3015,NS-370-SOF,5.0,169000,8450,160550,rachel.mendez@northstar.example,2026-02-06,Competitive,Approved,rachel.mendez@northstar.example,2026-02-06
DR-7655,CRM-3180,NS-160-SOF,10.0,369000,36900,332100,michelle.taylor@northstar.example,2026-02-07,Competitive,Approved,michelle.taylor@northstar.example,2026-02-07
DR-7656,CRM-3029,NS-470-EQU,5.0,219000,10950,208050,charles.lopez@northstar.example,2026-02-07,Competitive,Approved,charles.lopez@northstar.example,2026-02-07
DR-7657,CRM-3133,NS-710-EQU,10.0,128000,12800,115200,zachary.brown@northstar.example,2026-02-07,Competitive,Approved,zachary.brown@northstar.example,2026-02-07
DR-7658,CRM-3126,NS-670-SER,10.0,258000,25800,232200,kelly.floyd@northstar.example,2026-02-07,Competitive,Approved,kelly.floyd@northstar.example,2026-02-07
DR-7659,CRM-3068,NS-190-SOF,8.0,182000,14560,167440,zachary.brown@northstar.example,2026-02-08,Competitive,Approved,zachary.brown@northstar.example,2026-02-08
DR-7660,CRM-3136,NS-730-EQU,12.0,69000,8280,60720,stephanie.wells@northstar.example,2026-02-08,Competitive,Approved,michael.torres@northstar.example,2026-02-08
DR-7661,CRM-3002,NS-500-SOF,18.0,372000,66960,305040,michelle.taylor@northstar.example,2026-02-11,Competitive,Approved,michael.torres@northstar.example,2026-02-11
DR-7662,CRM-2063,NS-840-EQU,15.0,339000,50850,288150,anthony.day@northstar.example,2026-02-12,Competitive,Approved,michael.torres@northstar.example,2026-02-12
DR-7663,CRM-3108,NS-670-SER,5.0,258000,12900,245100,stephanie.wells@northstar.example,2026-02-13,Competitive,Approved,stephanie.wells@northstar.example,2026-02-13
DR-7664,CRM-3108,NS-840-SER,22.0,93000,20460,72540,stephanie.wells@northstar.example,2026-02-13,Competitive,Approved,david.morgan@northstar.example,2026-02-13
DR-7665,CRM-3172,NS-610-SER,8.0,282000,22560,259440,zachary.brown@northstar.example,2026-02-14,Competitive,Approved,zachary.brown@northstar.example,2026-02-14
DR-7666,CRM-3134,NS-240-EQU,10.0,88000,8800,79200,charles.lopez@northstar.example,2026-02-14,Competitive,Approved,charles.lopez@northstar.example,2026-02-14
DR-7667,CRM-3167,NS-730-SOF,10.0,233000,23300,209700,rachel.mendez@northstar.example,2026-02-14,Competitive,Approved,rachel.mendez@northstar.example,2026-02-14
DR-7668,CRM-3078,NS-260-SER,22.0,140000,30800,109200,michelle.taylor@northstar.example,2026-02-15,Competitive,Approved,david.morgan@northstar.example,2026-02-15
DR-7669,CRM-3120,NS-130-EQU,8.0,121000,9680,111320,rachel.mendez@northstar.example,2026-02-15,Competitive,Approved,rachel.mendez@northstar.example,2026-02-15
DR-7670,CRM-3032,NS-250-EQU,18.0,279000,50220,228780,anthony.day@northstar.example,2026-02-16,Competitive,Approved,michael.torres@northstar.example,2026-02-16
DR-7671,CRM-3021,NS-710-EQU,5.0,128000,6400,121600,charles.lopez@northstar.example,2026-02-16,Competitive,Approved,charles.lopez@northstar.example,2026-02-16
DR-7672,CRM-3172,NS-650-SOF,22.0,346000,76120,269880,zachary.brown@northstar.example,2026-02-16,Competitive,Approved,david.morgan@northstar.example,2026-02-16
DR-7673,CRM-3088,NS-550-SER,22.0,338000,74360,263640,anthony.day@northstar.example,2026-02-17,Competitive,Approved,david.morgan@northstar.example,2026-02-17
DR-7674,CRM-3116,NS-750-SOF,18.0,77000,13860,63140,charles.lopez@northstar.example,2026-02-17,Competitive,Approved,michael.torres@northstar.example,2026-02-17
DR-7675,CRM-2051,NS-730-SOF,18.0,233000,41940,191060,kelly.floyd@northstar.example,2026-02-18,Competitive,Approved,michael.torres@northstar.example,2026-02-18
DR-7676,CRM-3003,NS-550-SER,15.0,338000,50700,287300,anthony.day@northstar.example,2026-02-18,Competitive,Approved,michael.torres@northstar.example,2026-02-18
DR-7677,CRM-3063,NS-670-SER,5.0,258000,12900,245100,kelly.floyd@northstar.example,2026-02-19,Competitive,Approved,kelly.floyd@northstar.example,2026-02-19
DR-7678,CRM-3015,NS-170-EQU,18.0,337000,60660,276340,rachel.mendez@northstar.example,2026-02-19,Competitive,Approved,michael.torres@northstar.example,2026-02-19
DR-7679,CRM-3161,NS-CLOUD,15.0,120000,18000,102000,stephanie.wells@northstar.example,2026-02-21,Competitive,Approved,michael.torres@northstar.example,2026-02-21
DR-7680,CRM-3188,NS-560-SOF,8.0,56000,4480,51520,michelle.taylor@northstar.example,2026-02-21,Competitive,Approved,michelle.taylor@northstar.example,2026-02-21
DR-7681,CRM-3124,NS-500,10.0,250000,25000,225000,rachel.mendez@northstar.example,2026-02-22,Competitive,Approved,rachel.mendez@northstar.example,2026-02-22
DR-7682,CRM-3013,NS-760-EQU,5.0,208000,10400,197600,michelle.taylor@northstar.example,2026-02-23,Competitive,Approved,michelle.taylor@northstar.example,2026-02-23
DR-7683,CRM-3031,NS-490-EQU,18.0,37000,6660,30340,charles.lopez@northstar.example,2026-02-23,Competitive,Approved,michael.torres@northstar.example,2026-02-23
DR-7684,CRM-3066,NS-760-SER,18.0,38000,6840,31160,anthony.day@northstar.example,2026-02-23,Competitive,Approved,michael.torres@northstar.example,2026-02-23
DR-7685,CRM-3069,NS-780-SER,10.0,198000,19800,178200,zachary.brown@northstar.example,2026-02-24,Competitive,Approved,zachary.brown@northstar.example,2026-02-24
DR-7686,CRM-3072,NS-EDGE,10.0,85000,8500,76500,stephanie.wells@northstar.example,2026-02-27,Competitive,Approved,stephanie.wells@northstar.example,2026-02-27
DR-7687,CRM-3114,NS-830-EQU,5.0,203000,10150,192850,charles.lopez@northstar.example,2026-02-28,Competitive,Approved,charles.lopez@northstar.example,2026-02-28
DR-7688,CRM-3158,NS-740-EQU,15.0,276000,41400,234600,kelly.floyd@northstar.example,2026-03-01,Competitive,Approved,michael.torres@northstar.example,2026-03-01
DR-7689,CRM-3032,NS-140-EQU,18.0,121000,21780,99220,anthony.day@northstar.example,2026-03-01,Competitive,Approved,michael.torres@northstar.example,2026-03-01
DR-7690,CRM-3074,NS-370-SOF,5.0,169000,8450,160550,michelle.taylor@northstar.example,2026-03-02,Competitive,Approved,michelle.taylor@northstar.example,2026-03-02
DR-7691,CRM-3063,NS-500,8.0,250000,20000,230000,kelly.floyd@northstar.example,2026-03-04,Competitive,Approved,kelly.floyd@northstar.example,2026-03-04
DR-7692,CRM-3178,NS-250-EQU,18.0,279000,50220,228780,kelly.floyd@northstar.example,2026-03-04,Competitive,Approved,michael.torres@northstar.example,2026-03-04
DR-7693,CRM-3162,NS-350-EQU,10.0,347000,34700,312300,rachel.mendez@northstar.example,2026-03-04,Competitive,Approved,rachel.mendez@northstar.example,2026-03-04
DR-7694,CRM-3004,NS-830-EQU,10.0,203000,20300,182700,kelly.floyd@northstar.example,2026-03-04,Competitive,Approved,kelly.floyd@northstar.example,2026-03-04
DR-7695,CRM-3156,NS-330-SOF,8.0,38000,3040,34960,kelly.floyd@northstar.example,2026-03-05,Competitive,Approved,kelly.floyd@northstar.example,2026-03-05
DR-7696,CRM-3087,NS-250-SOF,18.0,308000,55440,252560,rachel.mendez@northstar.example,2026-03-05,Competitive,Approved,michael.torres@northstar.example,2026-03-05
DR-7697,CRM-3167,NS-160-SOF,18.0,369000,66420,302580,rachel.mendez@northstar.example,2026-03-06,Competitive,Approved,michael.torres@northstar.example,2026-03-06
DR-7698,CRM-3150,NS-690-SER,5.0,22000,1100,20900,charles.lopez@northstar.example,2026-03-07,Competitive,Approved,charles.lopez@northstar.example,2026-03-07
DR-7699,CRM-3137,NS-780-SER,8.0,198000,15840,182160,stephanie.wells@northstar.example,2026-03-07,Competitive,Approved,stephanie.wells@northstar.example,2026-03-07
DR-7700,CRM-3096,NS-760-EQU,12.0,208000,24960,183040,charles.lopez@northstar.example,2026-03-09,Competitive,Approved,michael.torres@northstar.example,2026-03-09
DR-7701,CRM-3064,NS-640-SER,22.0,348000,76560,271440,stephanie.wells@northstar.example,2026-03-09,Competitive,Approved,david.morgan@northstar.example,2026-03-09
DR-7702,CRM-3103,NS-640-SER,5.0,348000,17400,330600,stephanie.wells@northstar.example,2026-03-09,Competitive,Approved,stephanie.wells@northstar.example,2026-03-09
DR-7703,CRM-3009,NS-620-SER,8.0,33000,2640,30360,anthony.day@northstar.example,2026-03-10,Competitive,Approved,anthony.day@northstar.example,2026-03-10
DR-7704,CRM-3022,NS-740-SER,10.0,171000,17100,153900,charles.lopez@northstar.example,2026-03-10,Competitive,Approved,charles.lopez@northstar.example,2026-03-10
DR-7705,CRM-3188,NS-380-SOF,18.0,347000,62460,284540,michelle.taylor@northstar.example,2026-03-10,Competitive,Approved,michael.torres@northstar.example,2026-03-10
DR-7706,CRM-3165,NS-500-SOF,18.0,372000,66960,305040,charles.lopez@northstar.example,2026-03-10,Competitive,Approved,michael.torres@northstar.example,2026-03-10
DR-7707,CRM-3199,NS-420-SOF,8.0,12000,960,11040,michelle.taylor@northstar.example,2026-03-11,Competitive,Approved,michelle.taylor@northstar.example,2026-03-11
DR-7708,CRM-3112,NS-580-EQU,22.0,47000,10340,36660,stephanie.wells@northstar.example,2026-03-11,Competitive,Approved,david.morgan@northstar.example,2026-03-11
DR-7709,CRM-3024,NS-220-SOF,10.0,107000,10700,96300,rachel.mendez@northstar.example,2026-03-12,Competitive,Approved,rachel.mendez@northstar.example,2026-03-12
DR-7710,CRM-3026,NS-EDGE,15.0,85000,12750,72250,michelle.taylor@northstar.example,2026-03-13,Competitive,Approved,michael.torres@northstar.example,2026-03-13
DR-7711,CRM-3134,NS-370-SOF,8.0,169000,13520,155480,charles.lopez@northstar.example,2026-03-14,Competitive,Approved,charles.lopez@northstar.example,2026-03-14
DR-7712,CRM-3081,NS-620-SER,8.0,33000,2640,30360,rachel.mendez@northstar.example,2026-03-14,Competitive,Approved,rachel.mendez@northstar.example,2026-03-14
DR-7713,CRM-3023,NS-130-SER,10.0,241000,24100,216900,rachel.mendez@northstar.example,2026-03-14,Competitive,Approved,rachel.mendez@northstar.example,2026-03-14
DR-7714,CRM-3085,NS-CLOUD,18.0,120000,21600,98400,michelle.taylor@northstar.example,2026-03-14,Competitive,Approved,michael.torres@northstar.example,2026-03-14
DR-7715,CRM-3014,NS-640-SER,8.0,348000,27840,320160,stephanie.wells@northstar.example,2026-03-15,Competitive,Approved,stephanie.wells@northstar.example,2026-03-15
DR-7716,CRM-3109,NS-400-SOF,8.0,23000,1840,21160,michelle.taylor@northstar.example,2026-03-16,Competitive,Approved,michelle.taylor@northstar.example,2026-03-16
DR-7717,CRM-2063,NS-860-EQU,10.0,17000,1700,15300,anthony.day@northstar.example,2026-03-16,Competitive,Approved,anthony.day@northstar.example,2026-03-16
DR-7718,CRM-3136,NS-130-EQU,10.0,121000,12100,108900,stephanie.wells@northstar.example,2026-03-19,Competitive,Approved,stephanie.wells@northstar.example,2026-03-19
DR-7719,CRM-3192,NS-730-SOF,8.0,233000,18640,214360,rachel.mendez@northstar.example,2026-03-19,Competitive,Approved,rachel.mendez@northstar.example,2026-03-19
DR-7720,CRM-3128,NS-400-EQU,15.0,9000,1350,7650,zachary.brown@northstar.example,2026-03-19,Competitive,Approved,michael.torres@northstar.example,2026-03-19
DR-7721,CRM-3105,NS-170-EQU,18.0,337000,60660,276340,zachary.brown@northstar.example,2026-03-19,Competitive,Approved,michael.torres@northstar.example,2026-03-19
DR-7722,CRM-3165,NS-820-SER,8.0,113000,9040,103960,charles.lopez@northstar.example,2026-03-22,Competitive,Approved,charles.lopez@northstar.example,2026-03-22
DR-7723,CRM-3079,NS-780-SER,8.0,198000,15840,182160,stephanie.wells@northstar.example,2026-03-22,Competitive,Approved,stephanie.wells@northstar.example,2026-03-22
DR-7724,CRM-3054,NS-760-SOF,12.0,128000,15360,112640,zachary.brown@northstar.example,2026-03-22,Competitive,Approved,michael.torres@northstar.example,2026-03-22
DR-7725,CRM-3184,NS-370-SOF,15.0,169000,25350,143650,rachel.mendez@northstar.example,2026-03-23,Competitive,Approved,michael.torres@northstar.example,2026-03-23
DR-7726,CRM-3064,NS-620-SER,10.0,33000,3300,29700,stephanie.wells@northstar.example,2026-03-23,Competitive,Approved,stephanie.wells@northstar.example,2026-03-23
DR-7727,CRM-3189,NS-860-SOF,22.0,173000,38060,134940,charles.lopez@northstar.example,2026-03-24,Competitive,Approved,david.morgan@northstar.example,2026-03-24
DR-7728,CRM-3139,NS-760-SOF,22.0,128000,28160,99840,anthony.day@northstar.example,2026-03-24,Competitive,Approved,david.morgan@northstar.example,2026-03-24
DR-7729,CRM-3063,NS-860-SOF,8.0,173000,13840,159160,kelly.floyd@northstar.example,2026-03-24,Competitive,Approved,kelly.floyd@northstar.example,2026-03-24
DR-7730,CRM-2091,NS-840-EQU,15.0,339000,50850,288150,zachary.brown@northstar.example,2026-03-25,Competitive,Approved,michael.torres@northstar.example,2026-03-25
DR-7731,CRM-3184,NS-650-SOF,18.0,346000,62280,283720,rachel.mendez@northstar.example,2026-03-25,Competitive,Approved,michael.torres@northstar.example,2026-03-25
DR-7732,CRM-3146,NS-170-SOF,15.0,352000,52800,299200,zachary.brown@northstar.example,2026-03-25,Competitive,Approved,michael.torres@northstar.example,2026-03-25
DR-7733,CRM-3061,NS-840-EQU,10.0,339000,33900,305100,rachel.mendez@northstar.example,2026-03-26,Competitive,Approved,rachel.mendez@northstar.example,2026-03-26
DR-7734,CRM-3131,NS-840-EQU,5.0,339000,16950,322050,kelly.floyd@northstar.example,2026-03-27,Competitive,Approved,kelly.floyd@northstar.example,2026-03-27
DR-7735,CRM-3133,NS-820-SER,22.0,113000,24860,88140,zachary.brown@northstar.example,2026-03-27,Competitive,Approved,david.morgan@northstar.example,2026-03-27
DR-7736,CRM-3194,NS-610-SER,8.0,282000,22560,259440,stephanie.wells@northstar.example,2026-03-27,Competitive,Approved,stephanie.wells@northstar.example,2026-03-27
DR-7737,CRM-3053,NS-780-SER,18.0,198000,35640,162360,rachel.mendez@northstar.example,2026-03-28,Competitive,Approved,michael.torres@northstar.example,2026-03-28
DR-7738,CRM-3142,NS-760-EQU,5.0,208000,10400,197600,stephanie.wells@northstar.example,2026-03-28,Competitive,Approved,stephanie.wells@northstar.example,2026-03-28
DR-7739,CRM-3135,NS-400-EQU,8.0,338000,27040,310960,kelly.floyd@northstar.example,2026-03-29,Competitive,Approved,kelly.floyd@northstar.example,2026-03-29
DR-7740,CRM-3022,NS-890-EQU,10.0,236000,23600,212400,charles.lopez@northstar.example,2026-03-29,Competitive,Approved,charles.lopez@northstar.example,2026-03-29
DR-7741,CRM-3087,NS-320-SOF,18.0,179000,32220,146780,rachel.mendez@northstar.example,2026-03-31,Competitive,Approved,michael.torres@northstar.example,2026-03-31
DR-7742,CRM-3106,NS-260-SER,12.0,140000,16800,123200,anthony.day@northstar.example,2026-03-31,Competitive,Approved,michael.torres@northstar.example,2026-03-31
DR-7743,CRM-3060,NS-620-SER,5.0,33000,1650,31350,michelle.taylor@northstar.example,2026-04-01,Competitive,Approved,michelle.taylor@northstar.example,2026-04-01
DR-7744,CRM-3167,NS-130-SER,18.0,241000,43380,197620,rachel.mendez@northstar.example,2026-04-01,Competitive,Approved,michael.torres@northstar.example,2026-04-01
DR-7745,CRM-3121,NS-350-SER,8.0,190000,15200,174800,kelly.floyd@northstar.example,2026-04-01,Competitive,Approved,kelly.floyd@northstar.example,2026-04-01
DR-7746,CRM-3026,NS-490-SOF,10.0,190000,19000,171000,michelle.taylor@northstar.example,2026-04-02,Competitive,Approved,michelle.taylor@northstar.example,2026-04-02
DR-7747,CRM-3076,NS-250-SOF,10.0,308000,30800,277200,zachary.brown@northstar.example,2026-04-03,Competitive,Approved,zachary.brown@northstar.example,2026-04-03
DR-7748,CRM-3048,NS-860-EQU,12.0,17000,2040,14960,charles.lopez@northstar.example,2026-04-03,Competitive,Approved,michael.torres@northstar.example,2026-04-03
DR-7749,CRM-3162,NS-860-EQU,8.0,17000,1360,15640,rachel.mendez@northstar.example,2026-04-03,Competitive,Approved,rachel.mendez@northstar.example,2026-04-03
DR-7750,CRM-3123,NS-260-SER,15.0,140000,21000,119000,stephanie.wells@northstar.example,2026-04-04,Competitive,Approved,michael.torres@northstar.example,2026-04-04
DR-7751,CRM-3023,NS-510-SOF,10.0,327000,32700,294300,rachel.mendez@northstar.example,2026-04-05,Competitive,Approved,rachel.mendez@northstar.example,2026-04-05
DR-7752,CRM-3100,NS-500,22.0,250000,55000,195000,charles.lopez@northstar.example,2026-04-05,Competitive,Approved,david.morgan@northstar.example,2026-04-05
DR-7753,CRM-3097,NS-250-EQU,12.0,279000,33480,245520,charles.lopez@northstar.example,2026-04-05,Competitive,Approved,michael.torres@northstar.example,2026-04-05
DR-7754,CRM-3003,NS-650-SOF,12.0,346000,41520,304480,anthony.day@northstar.example,2026-04-08,Competitive,Approved,michael.torres@northstar.example,2026-04-08
DR-7755,CRM-3092,NS-CLOUD,8.0,120000,9600,110400,anthony.day@northstar.example,2026-04-09,Competitive,Approved,anthony.day@northstar.example,2026-04-09
DR-7756,CRM-3062,NS-870-SOF,18.0,293000,52740,240260,rachel.mendez@northstar.example,2026-04-11,Competitive,Approved,michael.torres@northstar.example,2026-04-11
DR-7757,CRM-3192,NS-580-EQU,8.0,47000,3760,43240,rachel.mendez@northstar.example,2026-04-12,Competitive,Approved,rachel.mendez@northstar.example,2026-04-12
DR-7758,CRM-3052,NS-500-SOF,8.0,372000,29760,342240,rachel.mendez@northstar.example,2026-04-14,Competitive,Approved,rachel.mendez@northstar.example,2026-04-14
DR-7759,CRM-3087,NS-880-SER,10.0,320000,32000,288000,rachel.mendez@northstar.example,2026-04-14,Competitive,Approved,rachel.mendez@northstar.example,2026-04-14
DR-7760,CRM-3140,NS-220-SOF,22.0,107000,23540,83460,rachel.mendez@northstar.example,2026-04-14,Competitive,Approved,david.morgan@northstar.example,2026-04-14
DR-7761,CRM-3063,NS-400-EQU,8.0,9000,720,8280,kelly.floyd@northstar.example,2026-04-14,Competitive,Approved,kelly.floyd@northstar.example,2026-04-14
DR-7762,CRM-2051,NS-820-SER,22.0,113000,24860,88140,kelly.floyd@northstar.example,2026-04-15,Competitive,Approved,david.morgan@northstar.example,2026-04-15
DR-7763,CRM-2051,NS-730-EQU,22.0,69000,15180,53820,kelly.floyd@northstar.example,2026-04-18,Competitive,Approved,david.morgan@northstar.example,2026-04-18
DR-7764,CRM-3023,NS-160-EQU,10.0,163000,16300,146700,rachel.mendez@northstar.example,2026-04-19,Competitive,Approved,rachel.mendez@northstar.example,2026-04-19
DR-7765,CRM-3044,NS-170-SOF,10.0,352000,35200,316800,charles.lopez@northstar.example,2026-04-19,Competitive,Approved,charles.lopez@northstar.example,2026-04-19
DR-7766,CRM-3156,NS-420-SOF,12.0,12000,1440,10560,kelly.floyd@northstar.example,2026-04-19,Competitive,Approved,michael.torres@northstar.example,2026-04-19
DR-7767,CRM-3181,NS-140-EQU,12.0,121000,14520,106480,stephanie.wells@northstar.example,2026-04-20,Competitive,Approved,michael.torres@northstar.example,2026-04-20
DR-7768,CRM-3031,NS-160-SOF,15.0,369000,55350,313650,charles.lopez@northstar.example,2026-04-22,Competitive,Approved,michael.torres@northstar.example,2026-04-22
DR-7769,CRM-3080,NS-230-SOF,12.0,171000,20520,150480,kelly.floyd@northstar.example,2026-04-22,Competitive,Approved,michael.torres@northstar.example,2026-04-22
DR-7770,CRM-3088,NS-220-SOF,15.0,107000,16050,90950,anthony.day@northstar.example,2026-04-23,Competitive,Approved,michael.torres@northstar.example,2026-04-23
DR-7771,CRM-3063,NS-710-SER,22.0,203000,44660,158340,kelly.floyd@northstar.example,2026-04-23,Competitive,Approved,david.morgan@northstar.example,2026-04-23
DR-7772,CRM-3106,NS-890-EQU,5.0,236000,11800,224200,anthony.day@northstar.example,2026-04-24,Competitive,Approved,anthony.day@northstar.example,2026-04-24
DR-7773,CRM-3163,NS-130-EQU,5.0,121000,6050,114950,michelle.taylor@northstar.example,2026-04-26,Competitive,Approved,michelle.taylor@northstar.example,2026-04-26
DR-7774,CRM-3145,NS-760-SER,15.0,38000,5700,32300,stephanie.wells@northstar.example,2026-04-26,Competitive,Approved,michael.torres@northstar.example,2026-04-26
DR-7775,CRM-3137,NS-560-SOF,18.0,233000,41940,191060,stephanie.wells@northstar.example,2026-04-26,Competitive,Approved,michael.torres@northstar.example,2026-04-26
DR-7776,CRM-3110,NS-170-EQU,15.0,25000,3750,21250,michelle.taylor@northstar.example,2026-04-27,Competitive,Approved,michael.torres@northstar.example,2026-04-27
DR-7777,CRM-3174,NS-490-EQU,22.0,37000,8140,28860,zachary.brown@northstar.example,2026-04-27,Competitive,Approved,david.morgan@northstar.example,2026-04-27
DR-7778,CRM-3002,NS-380-EQU,18.0,400000,72000,328000,michelle.taylor@northstar.example,2026-04-28,Competitive,Approved,michael.torres@northstar.example,2026-04-28
DR-7779,CRM-3040,NS-820-SER,10.0,113000,11300,101700,anthony.day@northstar.example,2026-04-30,Competitive,Approved,anthony.day@northstar.example,2026-04-30
DR-7780,CRM-3122,NS-860-SOF,12.0,173000,20760,152240,zachary.brown@northstar.example,2026-04-30,Competitive,Approved,michael.torres@northstar.example,2026-04-30
DR-7781,CRM-3034,NS-830-EQU,10.0,203000,20300,182700,anthony.day@northstar.example,2026-05-01,Competitive,Approved,anthony.day@northstar.example,2026-05-01
DR-7782,CRM-3177,NS-130-SER,8.0,241000,19280,221720,stephanie.wells@northstar.example,2026-05-02,Competitive,Approved,stephanie.wells@northstar.example,2026-05-02
DR-7783,CRM-3146,NS-160-EQU,22.0,163000,35860,127140,zachary.brown@northstar.example,2026-05-03,Competitive,Approved,david.morgan@northstar.example,2026-05-03
DR-7784,CRM-3034,NS-500,10.0,250000,25000,225000,anthony.day@northstar.example,2026-05-04,Competitive,Approved,anthony.day@northstar.example,2026-05-04
DR-7785,CRM-3194,NS-170-EQU,10.0,25000,2500,22500,stephanie.wells@northstar.example,2026-05-04,Competitive,Approved,stephanie.wells@northstar.example,2026-05-04
DR-7786,CRM-3178,NS-840-EQU,12.0,339000,40680,298320,kelly.floyd@northstar.example,2026-05-06,Competitive,Approved,michael.torres@northstar.example,2026-05-06
DR-7787,CRM-3116,NS-240-EQU,18.0,88000,15840,72160,charles.lopez@northstar.example,2026-05-06,Competitive,Approved,michael.torres@northstar.example,2026-05-06
DR-7788,CRM-3199,NS-170-SOF,18.0,352000,63360,288640,michelle.taylor@northstar.example,2026-05-07,Competitive,Approved,michael.torres@northstar.example,2026-05-07
DR-7789,CRM-3079,NS-970-EQU,15.0,24000,3600,20400,stephanie.wells@northstar.example,2026-05-07,Competitive,Approved,michael.torres@northstar.example,2026-05-07
DR-7790,CRM-3134,NS-160-SOF,5.0,288000,14400,273600,charles.lopez@northstar.example,2026-05-08,Competitive,Approved,charles.lopez@northstar.example,2026-05-08
DR-7791,CRM-3139,NS-610-SER,12.0,282000,33840,248160,anthony.day@northstar.example,2026-05-09,Competitive,Approved,michael.torres@northstar.example,2026-05-09
DR-7792,CRM-3044,NS-130-EQU,15.0,121000,18150,102850,charles.lopez@northstar.example,2026-05-10,Competitive,Approved,michael.torres@northstar.example,2026-05-10
DR-7793,CRM-3183,NS-730-EQU,12.0,69000,8280,60720,anthony.day@northstar.example,2026-05-10,Competitive,Approved,michael.torres@northstar.example,2026-05-10
DR-7794,CRM-3011,NS-690-SER,8.0,22000,1760,20240,charles.lopez@northstar.example,2026-05-11,Competitive,Approved,charles.lopez@northstar.example,2026-05-11
DR-7795,CRM-3179,NS-870-SOF,18.0,293000,52740,240260,michelle.taylor@northstar.example,2026-05-11,Competitive,Approved,michael.torres@northstar.example,2026-05-11
DR-7796,CRM-3109,NS-190-SER,22.0,228000,50160,177840,michelle.taylor@northstar.example,2026-05-11,Competitive,Approved,david.morgan@northstar.example,2026-05-11
DR-7797,CRM-3155,NS-560-SOF,15.0,233000,34950,198050,rachel.mendez@northstar.example,2026-05-13,Competitive,Approved,michael.torres@northstar.example,2026-05-13
DR-7798,CRM-3152,NS-380-EQU,22.0,400000,88000,312000,charles.lopez@northstar.example,2026-05-13,Competitive,Approved,david.morgan@northstar.example,2026-05-13
DR-7799,CRM-3026,NS-250-SOF,22.0,308000,67760,240240,michelle.taylor@northstar.example,2026-05-14,Competitive,Approved,david.morgan@northstar.example,2026-05-14
DR-7800,CRM-3118,NS-690-SER,12.0,22000,2640,19360,kelly.floyd@northstar.example,2026-05-14,Competitive,Approved,michael.torres@northstar.example,2026-05-14
DR-7801,CRM-3131,NS-740-EQU,5.0,276000,13800,262200,kelly.floyd@northstar.example,2026-05-14,Competitive,Approved,kelly.floyd@northstar.example,2026-05-14
DR-7802,CRM-3172,NS-550-SER,22.0,338000,74360,263640,zachary.brown@northstar.example,2026-05-16,Competitive,Approved,david.morgan@northstar.example,2026-05-16
DR-7803,CRM-3055,NS-460-SOF,5.0,191000,9550,181450,stephanie.wells@northstar.example,2026-05-16,Competitive,Approved,stephanie.wells@northstar.example,2026-05-16
DR-7804,CRM-3110,NS-870-SOF,22.0,293000,64460,228540,michelle.taylor@northstar.example,2026-05-17,Competitive,Approved,david.morgan@northstar.example,2026-05-17
DR-7805,CRM-3055,NS-470-EQU,12.0,219000,26280,192720,stephanie.wells@northstar.example,2026-05-17,Competitive,Approved,michael.torres@northstar.example,2026-05-17
DR-7806,CRM-3065,NS-970-EQU,10.0,24000,2400,21600,zachary.brown@northstar.example,2026-05-18,Competitive,Approved,zachary.brown@northstar.example,2026-05-18
DR-7807,CRM-3033,NS-350-EQU,8.0,347000,27760,319240,michelle.taylor@northstar.example,2026-05-21,Competitive,Approved,michelle.taylor@northstar.example,2026-05-21
DR-7808,CRM-3158,NS-150-SOF,18.0,149000,26820,122180,kelly.floyd@northstar.example,2026-05-21,Competitive,Approved,michael.torres@northstar.example,2026-05-21
DR-7809,CRM-3128,NS-750-SOF,15.0,77000,11550,65450,zachary.brown@northstar.example,2026-05-21,Competitive,Approved,michael.torres@northstar.example,2026-05-21
DR-7810,CRM-3074,NS-190-SOF,18.0,182000,32760,149240,michelle.taylor@northstar.example,2026-05-22,Competitive,Approved,michael.torres@northstar.example,2026-05-22
DR-7811,CRM-3156,NS-160-EQU,18.0,163000,29340,133660,kelly.floyd@northstar.example,2026-05-22,Competitive,Approved,michael.torres@northstar.example,2026-05-22
DR-7812,CRM-3149,NS-510-SOF,10.0,327000,32700,294300,kelly.floyd@northstar.example,2026-05-22,Competitive,Approved,kelly.floyd@northstar.example,2026-05-22
DR-7813,CRM-3102,NS-250-SOF,10.0,308000,30800,277200,charles.lopez@northstar.example,2026-05-22,Competitive,Approved,charles.lopez@northstar.example,2026-05-22
DR-7814,CRM-3057,NS-970-EQU,18.0,24000,4320,19680,zachary.brown@northstar.example,2026-05-24,Competitive,Approved,michael.torres@northstar.example,2026-05-24
DR-7815,CRM-3106,NS-150-SOF,15.0,149000,22350,126650,anthony.day@northstar.example,2026-05-24,Competitive,Approved,michael.torres@northstar.example,2026-05-24
DR-7816,CRM-3103,NS-870-SOF,10.0,293000,29300,263700,stephanie.wells@northstar.example,2026-05-24,Competitive,Approved,stephanie.wells@northstar.example,2026-05-24
DR-7817,CRM-3138,NS-160-EQU,12.0,163000,19560,143440,zachary.brown@northstar.example,2026-05-25,Competitive,Approved,michael.torres@northstar.example,2026-05-25
DR-7818,CRM-3096,NS-860-SOF,8.0,173000,13840,159160,charles.lopez@northstar.example,2026-05-26,Competitive,Approved,charles.lopez@northstar.example,2026-05-26
DR-7819,CRM-3022,NS-CLOUD,15.0,120000,18000,102000,charles.lopez@northstar.example,2026-05-26,Competitive,Approved,michael.torres@northstar.example,2026-05-26
DR-7820,CRM-3136,NS-560-SOF,10.0,233000,23300,209700,stephanie.wells@northstar.example,2026-05-27,Competitive,Approved,stephanie.wells@northstar.example,2026-05-27
DR-7821,CRM-3042,NS-760-SER,8.0,38000,3040,34960,kelly.floyd@northstar.example,2026-05-29,Competitive,Approved,kelly.floyd@northstar.example,2026-05-29
DR-7822,CRM-3185,NS-170-SOF,10.0,352000,35200,316800,stephanie.wells@northstar.example,2026-05-29,Competitive,Approved,stephanie.wells@northstar.example,2026-05-29
DR-7823,CRM-3161,NS-140-EQU,8.0,121000,9680,111320,stephanie.wells@northstar.example,2026-05-29,Competitive,Approved,stephanie.wells@northstar.example,2026-05-29
DR-7824,CRM-3006,NS-240-EQU,12.0,88000,10560,77440,charles.lopez@northstar.example,2026-05-30,Competitive,Approved,michael.torres@northstar.example,2026-05-30
DR-7825,CRM-3193,NS-130-SER,10.0,241000,24100,216900,anthony.day@northstar.example,2026-05-30,Competitive,Approved,anthony.day@northstar.example,2026-05-30
DR-7826,CRM-3055,NS-760-SER,10.0,38000,3800,34200,stephanie.wells@northstar.example,2026-05-31,Competitive,Approved,stephanie.wells@northstar.example,2026-05-31
DR-7827,CRM-3145,NS-500-SOF,15.0,372000,55800,316200,stephanie.wells@northstar.example,2026-06-01,Competitive,Approved,michael.torres@northstar.example,2026-06-01
DR-7828,CRM-3113,NS-EDGE,22.0,85000,18700,66300,kelly.floyd@northstar.example,2026-06-01,Competitive,Approved,david.morgan@northstar.example,2026-06-01
DR-7829,CRM-3036,NS-930-EQU,5.0,83000,4150,78850,kelly.floyd@northstar.example,2026-06-01,Competitive,Approved,kelly.floyd@northstar.example,2026-06-01
DR-7830,CRM-3164,NS-380-SOF,5.0,347000,17350,329650,stephanie.wells@northstar.example,2026-06-03,Competitive,Approved,stephanie.wells@northstar.example,2026-06-03
DR-7831,CRM-3163,NS-160-SOF,15.0,288000,43200,244800,michelle.taylor@northstar.example,2026-06-03,Competitive,Approved,michael.torres@northstar.example,2026-06-03
DR-7832,CRM-3101,NS-140-EQU,5.0,121000,6050,114950,kelly.floyd@northstar.example,2026-06-04,Competitive,Approved,kelly.floyd@northstar.example,2026-06-04
DR-7833,CRM-3029,NS-560-SOF,12.0,56000,6720,49280,charles.lopez@northstar.example,2026-06-04,Competitive,Approved,michael.torres@northstar.example,2026-06-04
DR-7834,CRM-3036,NS-130-EQU,10.0,121000,12100,108900,kelly.floyd@northstar.example,2026-06-06,Competitive,Approved,kelly.floyd@northstar.example,2026-06-06
DR-7835,CRM-3163,NS-780-SER,12.0,198000,23760,174240,michelle.taylor@northstar.example,2026-06-06,Competitive,Approved,michael.torres@northstar.example,2026-06-06
DR-7836,CRM-3036,NS-970-EQU,18.0,24000,4320,19680,kelly.floyd@northstar.example,2026-06-07,Competitive,Approved,michael.torres@northstar.example,2026-06-07
DR-7837,CRM-3070,NS-140-EQU,8.0,121000,9680,111320,stephanie.wells@northstar.example,2026-06-07,Competitive,Approved,stephanie.wells@northstar.example,2026-06-07
DR-7838,CRM-3003,NS-260-SER,12.0,140000,16800,123200,anthony.day@northstar.example,2026-06-07,Competitive,Approved,michael.torres@northstar.example,2026-06-07
DR-7839,CRM-3164,NS-760-SOF,8.0,128000,10240,117760,stephanie.wells@northstar.example,2026-06-08,Competitive,Approved,stephanie.wells@northstar.example,2026-06-08
DR-7840,CRM-3002,NS-460-SOF,12.0,191000,22920,168080,michelle.taylor@northstar.example,2026-06-08,Competitive,Approved,michael.torres@northstar.example,2026-06-08
DR-7841,CRM-3183,NS-640-SER,22.0,348000,76560,271440,anthony.day@northstar.example,2026-06-09,Competitive,Approved,david.morgan@northstar.example,2026-06-09
DR-7842,CRM-3051,NS-490-SER,8.0,230000,18400,211600,anthony.day@northstar.example,2026-06-10,Competitive,Approved,anthony.day@northstar.example,2026-06-10
DR-7843,CRM-3016,NS-780-SER,18.0,198000,35640,162360,rachel.mendez@northstar.example,2026-06-11,Competitive,Approved,michael.torres@northstar.example,2026-06-11
DR-7844,CRM-3030,NS-750-SOF,8.0,77000,6160,70840,kelly.floyd@northstar.example,2026-06-11,Competitive,Approved,kelly.floyd@northstar.example,2026-06-11
DR-7845,CRM-3004,NS-730-SOF,15.0,233000,34950,198050,kelly.floyd@northstar.example,2026-06-12,Competitive,Approved,michael.torres@northstar.example,2026-06-12
DR-7846,CRM-3191,NS-380-EQU,18.0,400000,72000,328000,stephanie.wells@northstar.example,2026-06-12,Competitive,Approved,michael.torres@northstar.example,2026-06-12
DR-7847,CRM-3083,NS-400-SOF,8.0,23000,1840,21160,kelly.floyd@northstar.example,2026-06-13,Competitive,Approved,kelly.floyd@northstar.example,2026-06-13
DR-7848,CRM-3181,NS-820-SER,12.0,113000,13560,99440,stephanie.wells@northstar.example,2026-06-13,Competitive,Approved,michael.torres@northstar.example,2026-06-13
DR-7849,CRM-3015,NS-220-SOF,5.0,107000,5350,101650,rachel.mendez@northstar.example,2026-06-13,Competitive,Approved,rachel.mendez@northstar.example,2026-06-13
DR-7850,CRM-3101,NS-240-EQU,15.0,88000,13200,74800,kelly.floyd@northstar.example,2026-06-14,Competitive,Approved,michael.torres@northstar.example,2026-06-14
DR-7851,CRM-3017,NS-380-EQU,5.0,400000,20000,380000,rachel.mendez@northstar.example,2026-06-14,Competitive,Approved,rachel.mendez@northstar.example,2026-06-14
DR-7852,CRM-3113,NS-650-SOF,5.0,346000,17300,328700,kelly.floyd@northstar.example,2026-06-17,Competitive,Approved,kelly.floyd@northstar.example,2026-06-17
DR-7853,CRM-3178,NS-840-SER,5.0,93000,4650,88350,kelly.floyd@northstar.example,2026-06-17,Competitive,Approved,kelly.floyd@northstar.example,2026-06-17
DR-7854,CRM-3038,NS-650-SOF,18.0,346000,62280,283720,rachel.mendez@northstar.example,2026-06-18,Competitive,Approved,michael.torres@northstar.example,2026-06-18
DR-7855,CRM-3181,NS-750-SOF,12.0,77000,9240,67760,stephanie.wells@northstar.example,2026-06-19,Competitive,Approved,michael.torres@northstar.example,2026-06-19
DR-7856,CRM-3151,NS-510-SOF,18.0,327000,58860,268140,michelle.taylor@northstar.example,2026-06-20,Competitive,Approved,michael.torres@northstar.example,2026-06-20
DR-7857,CRM-3005,NS-250-EQU,8.0,279000,22320,256680,charles.lopez@northstar.example,2026-06-20,Competitive,Approved,charles.lopez@northstar.example,2026-06-20
DR-7858,CRM-3075,NS-650-SOF,8.0,346000,27680,318320,zachary.brown@northstar.example,2026-06-22,Competitive,Approved,zachary.brown@northstar.example,2026-06-22
DR-7859,CRM-3141,NS-320-SOF,18.0,179000,32220,146780,anthony.day@northstar.example,2026-06-22,Competitive,Approved,michael.torres@northstar.example,2026-06-22
DR-7860,CRM-3103,NS-EDGE,22.0,85000,18700,66300,stephanie.wells@northstar.example,2026-06-24,Competitive,Approved,david.morgan@northstar.example,2026-06-24
DR-7861,CRM-3027,NS-380-EQU,5.0,400000,20000,380000,stephanie.wells@northstar.example,2026-06-25,Competitive,Approved,stephanie.wells@northstar.example,2026-06-25
DR-7862,CRM-3144,NS-250-EQU,15.0,279000,41850,237150,kelly.floyd@northstar.example,2026-06-25,Competitive,Approved,michael.torres@northstar.example,2026-06-25
DR-7863,CRM-3120,NS-640-SER,18.0,348000,62640,285360,rachel.mendez@northstar.example,2026-06-26,Competitive,Approved,michael.torres@northstar.example,2026-06-26
DR-7864,CRM-3151,NS-160-SOF,15.0,369000,55350,313650,michelle.taylor@northstar.example,2026-06-27,Competitive,Approved,michael.torres@northstar.example,2026-06-27
DR-7865,CRM-3181,NS-510-SOF,10.0,327000,32700,294300,stephanie.wells@northstar.example,2026-06-27,Competitive,Approved,stephanie.wells@northstar.example,2026-06-27
DR-7866,CRM-3161,NS-800-EQU,22.0,136000,29920,106080,stephanie.wells@northstar.example,2026-06-27,Competitive,Approved,david.morgan@northstar.example,2026-06-27
DR-7867,CRM-3002,NS-930-SOF,8.0,175000,14000,161000,michelle.taylor@northstar.example,2026-06-29,Competitive,Approved,michelle.taylor@northstar.example,2026-06-29
DR-7868,CRM-3124,NS-350-EQU,10.0,347000,34700,312300,rachel.mendez@northstar.example,2026-06-30,Competitive,Approved,rachel.mendez@northstar.example,2026-06-30
DR-7869,CRM-3098,NS-420-SOF,12.0,12000,1440,10560,charles.lopez@northstar.example,2026-07-01,Competitive,Approved,michael.torres@northstar.example,2026-07-01
DR-7870,CRM-3084,NS-830-EQU,18.0,203000,36540,166460,charles.lopez@northstar.example,2026-07-02,Competitive,Approved,michael.torres@northstar.example,2026-07-02
DR-7871,CRM-3077,NS-170-EQU,12.0,25000,3000,22000,stephanie.wells@northstar.example,2026-07-03,Competitive,Approved,michael.torres@northstar.example,2026-07-03
DR-7872,CRM-3005,NS-560-SOF,22.0,56000,12320,43680,charles.lopez@northstar.example,2026-07-04,Competitive,Approved,david.morgan@northstar.example,2026-07-04
DR-7873,CRM-3002,NS-220-SOF,5.0,5000,250,4750,michelle.taylor@northstar.example,2026-07-04,Competitive,Approved,michelle.taylor@northstar.example,2026-07-04
DR-7874,CRM-3053,NS-250-SOF,10.0,308000,30800,277200,rachel.mendez@northstar.example,2026-07-05,Competitive,Approved,rachel.mendez@northstar.example,2026-07-05
DR-7875,CRM-3200,NS-170-EQU,18.0,25000,4500,20500,rachel.mendez@northstar.example,2026-07-05,Competitive,Approved,michael.torres@northstar.example,2026-07-05
DR-7876,CRM-3065,NS-140-EQU,5.0,121000,6050,114950,zachary.brown@northstar.example,2026-07-05,Competitive,Approved,zachary.brown@northstar.example,2026-07-05
DR-7877,CRM-3052,NS-460-SOF,18.0,191000,34380,156620,rachel.mendez@northstar.example,2026-07-06,Competitive,Approved,michael.torres@northstar.example,2026-07-06
DR-7878,CRM-3175,NS-840-SER,12.0,93000,11160,81840,charles.lopez@northstar.example,2026-07-06,Competitive,Approved,michael.torres@northstar.example,2026-07-06
DR-7879,CRM-3194,NS-750-SOF,12.0,77000,9240,67760,stephanie.wells@northstar.example,2026-07-06,Competitive,Approved,michael.torres@northstar.example,2026-07-06
DR-7880,CRM-3081,NS-170-EQU,8.0,337000,26960,310040,rachel.mendez@northstar.example,2026-07-06,Competitive,Approved,rachel.mendez@northstar.example,2026-07-06
DR-7881,CRM-3181,NS-460-SOF,8.0,191000,15280,175720,stephanie.wells@northstar.example,2026-07-07,Competitive,Approved,stephanie.wells@northstar.example,2026-07-07
DR-7882,CRM-3139,NS-710-SER,10.0,203000,20300,182700,anthony.day@northstar.example,2026-07-07,Competitive,Approved,anthony.day@northstar.example,2026-07-07
DR-7883,CRM-3182,NS-470-EQU,22.0,219000,48180,170820,rachel.mendez@northstar.example,2026-07-07,Competitive,Approved,david.morgan@northstar.example,2026-07-07
DR-7884,CRM-3050,NS-870-SOF,10.0,293000,29300,263700,anthony.day@northstar.example,2026-07-07,Competitive,Approved,anthony.day@northstar.example,2026-07-07
DR-7885,CRM-3039,NS-230-SOF,18.0,171000,30780,140220,zachary.brown@northstar.example,2026-07-07,Competitive,Approved,michael.torres@northstar.example,2026-07-07
DR-7886,CRM-3028,NS-710-EQU,22.0,128000,28160,99840,kelly.floyd@northstar.example,2026-07-07,Competitive,Approved,david.morgan@northstar.example,2026-07-07
DR-7887,CRM-3194,NS-870-SOF,15.0,293000,43950,249050,stephanie.wells@northstar.example,2026-07-08,Competitive,Approved,michael.torres@northstar.example,2026-07-08
DR-7888,CRM-3140,NS-970-EQU,15.0,24000,3600,20400,rachel.mendez@northstar.example,2026-07-08,Competitive,Approved,michael.torres@northstar.example,2026-07-08
DR-7889,CRM-3059,NS-320-SOF,8.0,179000,14320,164680,stephanie.wells@northstar.example,2026-07-09,Competitive,Approved,stephanie.wells@northstar.example,2026-07-09
DR-7890,CRM-3003,NS-710-SOF,5.0,62000,3100,58900,anthony.day@northstar.example,2026-07-10,Competitive,Approved,anthony.day@northstar.example,2026-07-10
DR-7891,CRM-3154,NS-880-SER,18.0,320000,57600,262400,charles.lopez@northstar.example,2026-07-12,Competitive,Approved,michael.torres@northstar.example,2026-07-12
DR-7892,CRM-3144,NS-710-SOF,18.0,62000,11160,50840,kelly.floyd@northstar.example,2026-07-14,Competitive,Approved,michael.torres@northstar.example,2026-07-14
DR-7893,CRM-3131,NS-500,12.0,250000,30000,220000,kelly.floyd@northstar.example,2026-07-14,Competitive,Approved,michael.torres@northstar.example,2026-07-14
DR-7894,CRM-3009,NS-380-SOF,12.0,347000,41640,305360,anthony.day@northstar.example,2026-07-15,Competitive,Approved,michael.torres@northstar.example,2026-07-15
DR-7895,CRM-3036,NS-670-SER,15.0,258000,38700,219300,kelly.floyd@northstar.example,2026-07-16,Competitive,Approved,michael.torres@northstar.example,2026-07-16
DR-7896,CRM-3176,NS-620-SER,8.0,33000,2640,30360,kelly.floyd@northstar.example,2026-07-16,Competitive,Approved,kelly.floyd@northstar.example,2026-07-16
DR-7897,CRM-3073,NS-830-EQU,12.0,203000,24360,178640,rachel.mendez@northstar.example,2026-07-16,Competitive,Approved,michael.torres@northstar.example,2026-07-16
DR-7898,CRM-3127,NS-160-SOF,15.0,369000,55350,313650,stephanie.wells@northstar.example,2026-07-18,Competitive,Approved,michael.torres@northstar.example,2026-07-18
DR-7899,CRM-3026,NS-490-SOF,22.0,190000,41800,148200,michelle.taylor@northstar.example,2026-07-18,Competitive,Approved,david.morgan@northstar.example,2026-07-18
DR-7900,CRM-3053,NS-410-SOF,8.0,381000,30480,350520,rachel.mendez@northstar.example,2026-07-19,Competitive,Approved,rachel.mendez@northstar.example,2026-07-19
DR-7901,CRM-3200,NS-420-SOF,5.0,12000,600,11400,rachel.mendez@northstar.example,2026-07-20,Competitive,Approved,rachel.mendez@northstar.example,2026-07-20
DR-7902,CRM-3170,NS-490-SOF,22.0,190000,41800,148200,stephanie.wells@northstar.example,2026-07-20,Competitive,Approved,david.morgan@northstar.example,2026-07-20
DR-7903,CRM-3176,NS-130-EQU,18.0,121000,21780,99220,kelly.floyd@northstar.example,2026-07-20,Competitive,Approved,michael.torres@northstar.example,2026-07-20
DR-7904,CRM-3135,NS-160-SOF,15.0,369000,55350,313650,kelly.floyd@northstar.example,2026-07-21,Competitive,Approved,michael.torres@northstar.example,2026-07-21
DR-7905,CRM-3105,NS-870-SOF,15.0,293000,43950,249050,zachary.brown@northstar.example,2026-07-22,Competitive,Approved,michael.torres@northstar.example,2026-07-22
DR-7906,CRM-3117,NS-560-SOF,22.0,56000,12320,43680,anthony.day@northstar.example,2026-07-22,Competitive,Approved,david.morgan@northstar.example,2026-07-22
DR-7907,CRM-3113,NS-410-SOF,5.0,381000,19050,361950,kelly.floyd@northstar.example,2026-07-22,Competitive,Approved,kelly.floyd@northstar.example,2026-07-22
DR-7908,CRM-3059,NS-350-SER,10.0,190000,19000,171000,stephanie.wells@northstar.example,2026-07-23,Competitive,Approved,stephanie.wells@northstar.example,2026-07-23
DR-7909,CRM-3011,NS-640-SER,5.0,348000,17400,330600,charles.lopez@northstar.example,2026-07-23,Competitive,Approved,charles.lopez@northstar.example,2026-07-23
DR-7910,CRM-3053,NS-190-SER,18.0,228000,41040,186960,rachel.mendez@northstar.example,2026-07-26,Competitive,Approved,michael.torres@northstar.example,2026-07-26
DR-7911,CRM-3175,NS-840-SER,22.0,93000,20460,72540,charles.lopez@northstar.example,2026-07-26,Competitive,Approved,david.morgan@northstar.example,2026-07-26
DR-7912,CRM-3003,NS-260-SER,5.0,140000,7000,133000,anthony.day@northstar.example,2026-07-26,Competitive,Approved,anthony.day@northstar.example,2026-07-26
DR-7913,CRM-3101,NS-740-SER,15.0,171000,25650,145350,kelly.floyd@northstar.example,2026-07-27,Competitive,Approved,michael.torres@northstar.example,2026-07-27
DR-7914,CRM-3057,NS-400-EQU,12.0,338000,40560,297440,zachary.brown@northstar.example,2026-07-27,Competitive,Approved,michael.torres@northstar.example,2026-07-27
DR-7915,CRM-3127,NS-820-SER,22.0,113000,24860,88140,stephanie.wells@northstar.example,2026-07-28,Competitive,Approved,david.morgan@northstar.example,2026-07-28
DR-7916,CRM-3094,NS-490-SOF,12.0,190000,22800,167200,rachel.mendez@northstar.example,2026-07-28,Competitive,Approved,michael.torres@northstar.example,2026-07-28
DR-7917,CRM-3032,NS-220-SOF,12.0,107000,12840,94160,anthony.day@northstar.example,2026-07-28,Competitive,Approved,michael.torres@northstar.example,2026-07-28
DR-7918,CRM-3119,NS-220-SOF,18.0,107000,19260,87740,rachel.mendez@northstar.example,2026-07-28,Competitive,Approved,michael.torres@northstar.example,2026-07-28
DR-7919,CRM-3121,NS-730-SOF,15.0,233000,34950,198050,kelly.floyd@northstar.example,2026-07-29,Competitive,Approved,michael.torres@northstar.example,2026-07-29
DR-7920,CRM-3184,NS-840-SER,15.0,93000,13950,79050,rachel.mendez@northstar.example,2026-07-30,Competitive,Approved,michael.torres@northstar.example,2026-07-30
DR-7921,CRM-3009,NS-470-EQU,22.0,219000,48180,170820,anthony.day@northstar.example,2026-07-31,Competitive,Approved,david.morgan@northstar.example,2026-07-31
DR-7922,CRM-3082,NS-400-EQU,10.0,338000,33800,304200,michelle.taylor@northstar.example,2026-08-01,Competitive,Approved,michelle.taylor@northstar.example,2026-08-01
DR-7923,CRM-3115,NS-170-SOF,10.0,42000,4200,37800,zachary.brown@northstar.example,2026-08-01,Competitive,Approved,zachary.brown@northstar.example,2026-08-01
DR-7924,CRM-3115,NS-350-SER,12.0,190000,22800,167200,zachary.brown@northstar.example,2026-08-01,Competitive,Approved,michael.torres@northstar.example,2026-08-01
DR-7925,CRM-3036,NS-560-SOF,22.0,56000,12320,43680,kelly.floyd@northstar.example,2026-08-03,Competitive,Approved,david.morgan@northstar.example,2026-08-03
DR-7926,CRM-3159,NS-370-SOF,5.0,169000,8450,160550,charles.lopez@northstar.example,2026-08-03,Competitive,Approved,charles.lopez@northstar.example,2026-08-03
DR-7927,CRM-2091,NS-390-SOF,12.0,96000,11520,84480,zachary.brown@northstar.example,2026-08-03,Competitive,Approved,michael.torres@northstar.example,2026-08-03
DR-7928,CRM-3036,NS-460-SOF,12.0,191000,22920,168080,kelly.floyd@northstar.example,2026-08-04,Competitive,Approved,michael.torres@northstar.example,2026-08-04
DR-7929,CRM-3170,NS-610-SOF,15.0,126000,18900,107100,stephanie.wells@northstar.example,2026-08-04,Competitive,Approved,michael.torres@northstar.example,2026-08-04
DR-7930,CRM-3189,NS-160-SOF,8.0,369000,29520,339480,charles.lopez@northstar.example,2026-08-04,Competitive,Approved,charles.lopez@northstar.example,2026-08-04
DR-7931,CRM-3015,NS-490-EQU,12.0,37000,4440,32560,rachel.mendez@northstar.example,2026-08-04,Competitive,Approved,michael.torres@northstar.example,2026-08-04
DR-7932,CRM-3053,NS-880-SER,5.0,320000,16000,304000,rachel.mendez@northstar.example,2026-08-06,Competitive,Approved,rachel.mendez@northstar.example,2026-08-06
DR-7933,CRM-3110,NS-250-SOF,12.0,308000,36960,271040,michelle.taylor@northstar.example,2026-08-06,Competitive,Approved,michael.torres@northstar.example,2026-08-06
DR-7934,CRM-3168,NS-250-SOF,18.0,308000,55440,252560,charles.lopez@northstar.example,2026-08-06,Competitive,Approved,michael.torres@northstar.example,2026-08-06
DR-7935,CRM-3150,NS-400-EQU,8.0,338000,27040,310960,charles.lopez@northstar.example,2026-08-07,Competitive,Approved,charles.lopez@northstar.example,2026-08-07
DR-7936,CRM-3164,NS-500-EQU,10.0,326000,32600,293400,stephanie.wells@northstar.example,2026-08-08,Competitive,Approved,stephanie.wells@northstar.example,2026-08-08
DR-7937,CRM-3085,NS-170-EQU,5.0,337000,16850,320150,michelle.taylor@northstar.example,2026-08-08,Competitive,Approved,michelle.taylor@northstar.example,2026-08-08
DR-7938,CRM-3165,NS-740-SER,22.0,171000,37620,133380,charles.lopez@northstar.example,2026-08-08,Competitive,Approved,david.morgan@northstar.example,2026-08-08
DR-7939,CRM-3048,NS-380-EQU,8.0,400000,32000,368000,charles.lopez@northstar.example,2026-08-08,Competitive,Approved,charles.lopez@northstar.example,2026-08-08
DR-7940,CRM-3047,NS-500-EQU,18.0,326000,58680,267320,rachel.mendez@northstar.example,2026-08-09,Competitive,Approved,michael.torres@northstar.example,2026-08-09
DR-7941,CRM-3199,NS-890-EQU,22.0,236000,51920,184080,michelle.taylor@northstar.example,2026-08-10,Competitive,Approved,david.morgan@northstar.example,2026-08-10
DR-7942,CRM-3096,NS-EDGE,15.0,85000,12750,72250,charles.lopez@northstar.example,2026-08-10,Competitive,Approved,michael.torres@northstar.example,2026-08-10
DR-7943,CRM-3087,NS-170-SOF,22.0,352000,77440,274560,rachel.mendez@northstar.example,2026-08-11,Competitive,Approved,david.morgan@northstar.example,2026-08-11
DR-7944,CRM-3106,NS-250-EQU,18.0,279000,50220,228780,anthony.day@northstar.example,2026-08-11,Competitive,Approved,michael.torres@northstar.example,2026-08-11
DR-7945,CRM-3122,NS-650-SOF,12.0,346000,41520,304480,zachary.brown@northstar.example,2026-08-13,Competitive,Approved,michael.torres@northstar.example,2026-08-13
DR-7946,CRM-3168,NS-760-SOF,18.0,128000,23040,104960,charles.lopez@northstar.example,2026-08-14,Competitive,Approved,michael.torres@northstar.example,2026-08-14
DR-7947,CRM-3192,NS-710-EQU,18.0,128000,23040,104960,rachel.mendez@northstar.example,2026-08-14,Competitive,Approved,michael.torres@northstar.example,2026-08-14
DR-7948,CRM-3181,NS-170-SOF,10.0,42000,4200,37800,stephanie.wells@northstar.example,2026-08-15,Competitive,Approved,stephanie.wells@northstar.example,2026-08-15
DR-7949,CRM-3056,NS-640-SER,15.0,348000,52200,295800,michelle.taylor@northstar.example,2026-08-15,Competitive,Approved,michael.torres@northstar.example,2026-08-15
DR-7950,CRM-3094,NS-610-SOF,10.0,126000,12600,113400,rachel.mendez@northstar.example,2026-08-15,Competitive,Approved,rachel.mendez@northstar.example,2026-08-15
DR-7951,CRM-3121,NS-860-EQU,10.0,17000,1700,15300,kelly.floyd@northstar.example,2026-08-16,Competitive,Approved,kelly.floyd@northstar.example,2026-08-16
DR-7952,CRM-3145,NS-740-EQU,12.0,276000,33120,242880,stephanie.wells@northstar.example,2026-08-17,Competitive,Approved,michael.torres@northstar.example,2026-08-17
DR-7953,CRM-3121,NS-460-SOF,8.0,191000,15280,175720,kelly.floyd@northstar.example,2026-08-17,Competitive,Approved,kelly.floyd@northstar.example,2026-08-17
DR-7954,CRM-3135,NS-560-SOF,5.0,56000,2800,53200,kelly.floyd@northstar.example,2026-08-18,Competitive,Approved,kelly.floyd@northstar.example,2026-08-18
DR-7955,CRM-3015,NS-670-SER,8.0,258000,20640,237360,rachel.mendez@northstar.example,2026-08-18,Competitive,Approved,rachel.mendez@northstar.example,2026-08-18
DR-7956,CRM-3160,NS-610-SER,10.0,282000,28200,253800,michelle.taylor@northstar.example,2026-08-19,Competitive,Approved,michelle.taylor@northstar.example,2026-08-19
DR-7957,CRM-3049,NS-730-SOF,10.0,233000,23300,209700,michelle.taylor@northstar.example,2026-08-19,Competitive,Approved,michelle.taylor@northstar.example,2026-08-19
DR-7958,CRM-3030,NS-250-EQU,10.0,279000,27900,251100,kelly.floyd@northstar.example,2026-08-19,Competitive,Approved,kelly.floyd@northstar.example,2026-08-19
DR-7959,CRM-3105,NS-370-SOF,12.0,169000,20280,148720,zachary.brown@northstar.example,2026-08-20,Competitive,Approved,michael.torres@northstar.example,2026-08-20
DR-7960,CRM-3086,NS-160-SOF,15.0,288000,43200,244800,anthony.day@northstar.example,2026-08-20,Competitive,Approved,michael.torres@northstar.example,2026-08-20
DR-7961,CRM-3007,NS-370-SOF,18.0,169000,30420,138580,charles.lopez@northstar.example,2026-08-20,Competitive,Approved,michael.torres@northstar.example,2026-08-20
DR-7962,CRM-3082,NS-690-SER,8.0,22000,1760,20240,michelle.taylor@northstar.example,2026-08-20,Competitive,Approved,michelle.taylor@northstar.example,2026-08-20
DR-7963,CRM-3025,NS-EDGE,15.0,85000,12750,72250,charles.lopez@northstar.example,2026-08-21,Competitive,Approved,michael.torres@northstar.example,2026-08-21
DR-7964,CRM-3109,NS-380-SOF,18.0,347000,62460,284540,michelle.taylor@northstar.example,2026-08-22,Competitive,Approved,michael.torres@northstar.example,2026-08-22
DR-7965,CRM-3175,NS-760-SOF,22.0,128000,28160,99840,charles.lopez@northstar.example,2026-08-23,Competitive,Approved,david.morgan@northstar.example,2026-08-23
DR-7966,CRM-3044,NS-170-EQU,5.0,25000,1250,23750,charles.lopez@northstar.example,2026-08-24,Competitive,Approved,charles.lopez@northstar.example,2026-08-24
DR-7967,CRM-3089,NS-170-SOF,22.0,352000,77440,274560,stephanie.wells@northstar.example,2026-08-24,Competitive,Approved,david.morgan@northstar.example,2026-08-24
DR-7968,CRM-3037,NS-500-SOF,8.0,372000,29760,342240,stephanie.wells@northstar.example,2026-08-24,Competitive,Approved,stephanie.wells@northstar.example,2026-08-24
DR-7969,CRM-3022,NS-140-EQU,15.0,121000,18150,102850,charles.lopez@northstar.example,2026-08-27,Competitive,Approved,michael.torres@northstar.example,2026-08-27
DR-7970,CRM-3036,NS-130-SER,12.0,241000,28920,212080,kelly.floyd@northstar.example,2026-08-27,Competitive,Approved,michael.torres@northstar.example,2026-08-27
DR-7971,CRM-3037,NS-380-SOF,8.0,347000,27760,319240,stephanie.wells@northstar.example,2026-08-28,Competitive,Approved,stephanie.wells@northstar.example,2026-08-28
DR-7972,CRM-3168,NS-860-SOF,10.0,173000,17300,155700,charles.lopez@northstar.example,2026-08-29,Competitive,Approved,charles.lopez@northstar.example,2026-08-29
DR-7973,CRM-3178,NS-540-EQU,10.0,211000,21100,189900,kelly.floyd@northstar.example,2026-08-29,Competitive,Approved,kelly.floyd@northstar.example,2026-08-29
DR-7974,CRM-3005,NS-860-SOF,5.0,173000,8650,164350,charles.lopez@northstar.example,2026-08-30,Competitive,Approved,charles.lopez@northstar.example,2026-08-30
DR-7975,CRM-3157,NS-370-SOF,22.0,169000,37180,131820,zachary.brown@northstar.example,2026-08-30,Competitive,Approved,david.morgan@northstar.example,2026-08-30
DR-7976,CRM-3090,NS-240-EQU,12.0,88000,10560,77440,charles.lopez@northstar.example,2026-08-31,Competitive,Approved,michael.torres@northstar.example,2026-08-31
DR-7977,CRM-3010,NS-330-SOF,15.0,38000,5700,32300,anthony.day@northstar.example,2026-09-01,Competitive,Approved,michael.torres@northstar.example,2026-09-01
DR-7978,CRM-3192,NS-320-SOF,5.0,179000,8950,170050,rachel.mendez@northstar.example,2026-09-01,Competitive,Approved,rachel.mendez@northstar.example,2026-09-01
DR-7979,CRM-3194,NS-710-EQU,18.0,128000,23040,104960,stephanie.wells@northstar.example,2026-09-01,Competitive,Approved,michael.torres@northstar.example,2026-09-01
DR-7980,CRM-3077,NS-830-EQU,12.0,203000,24360,178640,stephanie.wells@northstar.example,2026-09-02,Competitive,Approved,michael.torres@northstar.example,2026-09-02
DR-7981,CRM-3122,NS-250-EQU,10.0,279000,27900,251100,zachary.brown@northstar.example,2026-09-02,Competitive,Approved,zachary.brown@northstar.example,2026-09-02
DR-7982,CRM-3199,NS-220-SOF,10.0,5000,500,4500,michelle.taylor@northstar.example,2026-09-02,Competitive,Approved,michelle.taylor@northstar.example,2026-09-02
DR-7983,CRM-3155,NS-350-EQU,5.0,347000,17350,329650,rachel.mendez@northstar.example,2026-09-03,Competitive,Approved,rachel.mendez@northstar.example,2026-09-03
DR-7984,CRM-3107,NS-800-EQU,15.0,136000,20400,115600,michelle.taylor@northstar.example,2026-09-03,Competitive,Approved,michael.torres@northstar.example,2026-09-03
DR-7985,CRM-3025,NS-730-SOF,10.0,233000,23300,209700,charles.lopez@northstar.example,2026-09-04,Competitive,Approved,charles.lopez@northstar.example,2026-09-04
DR-7986,CRM-3001,NS-730-SOF,18.0,233000,41940,191060,kelly.floyd@northstar.example,2026-09-06,Competitive,Approved,michael.torres@northstar.example,2026-09-06
DR-7987,CRM-3005,NS-730-EQU,5.0,69000,3450,65550,charles.lopez@northstar.example,2026-09-06,Competitive,Approved,charles.lopez@northstar.example,2026-09-06
DR-7988,CRM-3082,NS-970-EQU,22.0,24000,5280,18720,michelle.taylor@northstar.example,2026-09-06,Competitive,Approved,david.morgan@northstar.example,2026-09-06
DR-7989,CRM-3121,NS-670-SER,22.0,258000,56760,201240,kelly.floyd@northstar.example,2026-09-08,Competitive,Approved,david.morgan@northstar.example,2026-09-08
DR-7990,CRM-3143,NS-610-SOF,12.0,126000,15120,110880,kelly.floyd@northstar.example,2026-09-11,Competitive,Approved,michael.torres@northstar.example,2026-09-11
DR-7991,CRM-3026,NS-500-SOF,12.0,372000,44640,327360,michelle.taylor@northstar.example,2026-09-13,Competitive,Approved,michael.torres@northstar.example,2026-09-13
DR-7992,CRM-3160,NS-260-SER,10.0,140000,14000,126000,michelle.taylor@northstar.example,2026-09-13,Competitive,Approved,michelle.taylor@northstar.example,2026-09-13
DR-7993,CRM-3139,NS-760-SER,12.0,38000,4560,33440,anthony.day@northstar.example,2026-09-14,Competitive,Approved,michael.torres@northstar.example,2026-09-14
DR-7994,CRM-3124,NS-890-EQU,10.0,236000,23600,212400,rachel.mendez@northstar.example,2026-09-15,Competitive,Approved,rachel.mendez@northstar.example,2026-09-15
DR-7995,CRM-3067,NS-730-EQU,18.0,69000,12420,56580,stephanie.wells@northstar.example,2026-09-15,Competitive,Approved,michael.torres@northstar.example,2026-09-15
DR-7996,CRM-3167,NS-620-SER,8.0,33000,2640,30360,rachel.mendez@northstar.example,2026-09-15,Competitive,Approved,rachel.mendez@northstar.example,2026-09-15
DR-7997,CRM-3022,NS-160-SOF,8.0,288000,23040,264960,charles.lopez@northstar.example,2026-09-17,Competitive,Approved,charles.lopez@northstar.example,2026-09-17
DR-7998,CRM-3136,NS-800-EQU,12.0,136000,16320,119680,stephanie.wells@northstar.example,2026-09-18,Competitive,Approved,michael.torres@northstar.example,2026-09-18
DR-7999,CRM-3198,NS-560-SOF,8.0,56000,4480,51520,stephanie.wells@northstar.example,2026-09-19,Competitive,Approved,stephanie.wells@northstar.example,2026-09-19
DR-8000,CRM-3119,NS-860-SOF,22.0,173000,38060,134940,rachel.mendez@northstar.example,2026-09-19,Competitive,Approved,david.morgan@northstar.example,2026-09-19
DR-9001,CRM-2048,NS-500,15.0,250000,37500,212500,sarah.chen@northstar.example,2026-09-23,Contract pricing per Acme Master Supply Agreement,Pending Approval,,
